id,sequence,task,choices,response,response_type,domain
CIJPGK,0,Not;B/or;A;B/not;and;A;B,not;A|A|B|nothing,A,single-choice,propositional
CIJPGK,1,B/or;or;A;B;and;A;B,not;A|not;B|A|nothing,not;B,single-choice,propositional
CIJPGK,2,Not;A/iff;A;B,B|not;B|nothing|A,not;B,single-choice,propositional
CIJPGK,3,B/if;A;B,not;B|nothing|A|not;A,not;B,single-choice,propositional
WWYIPK,0,A/or;or;A;B;and;A;B,nothing|not;A|not;B|B,nothing,single-choice,propositional
WWYIPK,1,B/iff;A;B,not;A|not;B|nothing|A,nothing,single-choice,propositional
WWYIPK,2,Not;A/if;A;B,A|not;B|nothing|B,not;B,single-choice,propositional
WWYIPK,3,A/iff;A;B,not;A|B|nothing|not;B,B,single-choice,propositional
WWYIPK,4,A/iff;A;B,nothing|B|not;B|not;A,B,single-choice,propositional
WWYIPK,5,Not;A/or;A;B/not;and;A;B,B|nothing|not;B|A,B,single-choice,propositional
WWYIPK,6,A/if;A;B,nothing|not;A|B|not;B,B,single-choice,propositional
WWYIPK,7,Not;B/if;A;B,nothing|A|B|not;A,nothing,single-choice,propositional
GHMOKH,0,B/if;A;B,A|not;A|not;B|nothing,A,single-choice,propositional
WWYIPK,8,B/or;A;B/not;and;A;B,not;A|nothing|A|not;B,not;A,single-choice,propositional
MRYDPW,0,A/or;A;B/not;and;A;B,nothing|B|not;A|not;B,not;B,single-choice,propositional
WWYIPK,9,A/or;or;A;B;and;A;B,not;A|nothing|B|not;B,nothing,single-choice,propositional
WWYIPK,10,Not;B/or;A;B/not;and;A;B,not;A|nothing|B|A,A,single-choice,propositional
MRYDPW,1,Not;A/or;A;B/not;and;A;B,not;B|A|B|nothing,B,single-choice,propositional
WWYIPK,11,Not;A/or;A;B/not;and;A;B,not;B|B|A|nothing,B,single-choice,propositional
GHMOKH,1,Not;B/if;A;B,A|B|nothing|not;A,nothing,single-choice,propositional
MWEUVU,0,A/or;or;A;B;and;A;B,nothing|B|not;A|not;B,nothing,single-choice,propositional
MRYDPW,2,Not;B/iff;A;B,A|nothing|B|not;A,not;A,single-choice,propositional
WWYIPK,13,Not;B/iff;A;B,B|A|not;A|nothing,not;A,single-choice,propositional
MWEUVU,1,Not;A/iff;A;B,not;B|A|B|nothing,not;B,single-choice,propositional
MRYDPW,3,Not;B/or;A;B/not;and;A;B,B|nothing|A|not;A,A,single-choice,propositional
GHMOKH,2,Not;A/or;A;B/not;and;A;B,B|not;B|A|nothing,nothing,single-choice,propositional
WWYIPK,14,A/or;A;B/not;and;A;B,B|not;A|not;B|nothing,not;B,single-choice,propositional
WWYIPK,15,B/or;or;A;B;and;A;B,nothing|not;B|not;A|A,nothing,single-choice,propositional
MWEUVU,2,Not;A/or;or;A;B;and;A;B,A|nothing|B|not;B,nothing,single-choice,propositional
WWYIPK,16,B/or;A;B/not;and;A;B,nothing|not;B|not;A|A,not;A,single-choice,propositional
MRYDPW,4,A/or;or;A;B;and;A;B,not;A|B|not;B|nothing,nothing,single-choice,propositional
QSRLUR,0,Not;A/iff;A;B,not;B|nothing|A|B,nothing,single-choice,propositional
MWEUVU,3,A/iff;A;B,not;A|B|nothing|not;B,B,single-choice,propositional
WWYIPK,17,Not;A/iff;A;B,not;B|B|A|nothing,not;B,single-choice,propositional
GHMOKH,3,Not;B/if;A;B,nothing|B|not;A|A,not;A,single-choice,propositional
MRYDPW,5,Not;B/if;A;B,not;A|nothing|A|B,not;A,single-choice,propositional
QSRLUR,1,Not;A/or;or;A;B;and;A;B,A|B|not;B|nothing,B,single-choice,propositional
WWYIPK,18,B/if;A;B,not;A|nothing|not;B|A,nothing,single-choice,propositional
QSRLUR,2,Not;A/or;A;B/not;and;A;B,not;B|B|A|nothing,B,single-choice,propositional
MRYDPW,6,Not;B/or;A;B/not;and;A;B,A|not;A|B|nothing,A,single-choice,propositional
WWYIPK,19,Not;B/or;or;A;B;and;A;B,not;A|B|A|nothing,nothing,single-choice,propositional
MWEUVU,4,Not;B/or;A;B/not;and;A;B,A|B|nothing|not;A,A,single-choice,propositional
GHMOKH,4,A/or;A;B/not;and;A;B,not;A|B|nothing|not;B,not;B,single-choice,propositional
QSRLUR,3,A/or;or;A;B;and;A;B,not;B|nothing|B|not;A,nothing,single-choice,propositional
MWEUVU,5,Not;B/or;or;A;B;and;A;B,B|nothing|not;A|A,nothing,single-choice,propositional
QSRLUR,4,A/or;or;A;B;and;A;B,not;A|nothing|not;B|B,nothing,single-choice,propositional
MRYDPW,7,Not;B/or;or;A;B;and;A;B,B|A|not;A|nothing,nothing,single-choice,propositional
WWYIPK,20,Not;B/or;or;A;B;and;A;B,A|not;A|B|nothing,A,single-choice,propositional
GHMOKH,5,Not;A/or;or;A;B;and;A;B,not;B|nothing|B|A,B,single-choice,propositional
MWEUVU,6,A/if;A;B,nothing|not;B|not;A|B,B,single-choice,propositional
MRYDPW,8,B/or;A;B/not;and;A;B,not;A|nothing|not;B|A,not;A,single-choice,propositional
GHMOKH,6,B/or;or;A;B;and;A;B,nothing|not;A|not;B|A,not;A,single-choice,propositional
QSRLUR,5,Not;B/iff;A;B,B|not;A|nothing|A,not;A,single-choice,propositional
MWEUVU,7,B/or;or;A;B;and;A;B,not;B|nothing|A|not;A,nothing,single-choice,propositional
MWEUVU,8,B/if;A;B,not;B|A|nothing|not;A,A,single-choice,propositional
MRYDPW,9,Not;A/or;or;A;B;and;A;B,not;B|B|nothing|A,nothing,single-choice,propositional
WWYIPK,22,Not;B/if;A;B,B|nothing|A|not;A,not;A,single-choice,propositional
QSRLUR,6,A/if;A;B,nothing|not;B|B|not;A,B,single-choice,propositional
GHMOKH,7,Not;A/if;A;B,B|not;B|nothing|A,nothing,single-choice,propositional
QSRLUR,7,Not;B/if;A;B,nothing|A|B|not;A,nothing,single-choice,propositional
MWEUVU,9,A/iff;A;B,B|not;A|not;B|nothing,B,single-choice,propositional
WWYIPK,23,B/if;A;B,A|not;A|nothing|not;B,A,single-choice,propositional
MRYDPW,10,Not;A/or;A;B/not;and;A;B,not;B|nothing|A|B,B,single-choice,propositional
QSRLUR,8,Not;A/or;or;A;B;and;A;B,not;B|nothing|B|A,B,single-choice,propositional
GHMOKH,8,A/if;A;B,B|nothing|not;A|not;B,B,single-choice,propositional
MRYDPW,11,A/or;or;A;B;and;A;B,not;A|B|not;B|nothing,nothing,single-choice,propositional
WWYIPK,24,Not;B/or;A;B/not;and;A;B,A|not;A|nothing|B,A,single-choice,propositional
MWEUVU,10,A/if;A;B,not;B|not;A|nothing|B,B,single-choice,propositional
QSRLUR,9,A/or;A;B/not;and;A;B,nothing|not;A|B|not;B,nothing,single-choice,propositional
QSRLUR,10,Not;B/or;A;B/not;and;A;B,A|not;A|nothing|B,A,single-choice,propositional
MRYDPW,12,A/if;A;B,not;A|nothing|B|not;B,B,single-choice,propositional
MWEUVU,11,B/iff;A;B,A|nothing|not;B|not;A,A,single-choice,propositional
WWYIPK,25,Not;A/iff;A;B,not;B|A|B|nothing,not;B,single-choice,propositional
GHMOKH,9,B/or;or;A;B;and;A;B,nothing|A|not;A|not;B,nothing,single-choice,propositional
QSRLUR,11,B/if;A;B,not;A|nothing|A|not;B,nothing,single-choice,propositional
MRYDPW,13,Not;A/iff;A;B,nothing|not;B|A|B,not;B,single-choice,propositional
WWYIPK,26,A/or;A;B/not;and;A;B,not;A|not;B|B|nothing,not;B,single-choice,propositional
QSRLUR,12,Not;B/iff;A;B,not;A|nothing|A|B,not;A,single-choice,propositional
MWEUVU,12,Not;B/if;A;B,not;A|A|B|nothing,nothing,single-choice,propositional
QSRLUR,13,A/if;A;B,nothing|B|not;A|not;B,B,single-choice,propositional
GHMOKH,10,A/or;or;A;B;and;A;B,nothing|B|not;B|not;A,nothing,single-choice,propositional
MRYDPW,14,B/if;A;B,not;B|not;A|A|nothing,A,single-choice,propositional
MWEUVU,13,B/if;A;B,nothing|A|not;A|not;B,A,single-choice,propositional
WWYIPK,28,Not;A/if;A;B,nothing|B|not;B|A,not;B,single-choice,propositional
GHMOKH,11,A/or;A;B/not;and;A;B,nothing|not;B|not;A|B,not;B,single-choice,propositional
QSRLUR,14,Not;B/or;or;A;B;and;A;B,B|A|nothing|not;A,A,single-choice,propositional
MRYDPW,15,B/or;or;A;B;and;A;B,nothing|not;A|not;B|A,nothing,single-choice,propositional
GHMOKH,12,B/or;A;B/not;and;A;B,not;B|A|not;A|nothing,not;A,single-choice,propositional
MRYDPW,16,B/iff;A;B,not;A|A|nothing|not;B,A,single-choice,propositional
WWYIPK,29,Not;B/iff;A;B,nothing|not;A|A|B,not;A,single-choice,propositional
WWYIPK,30,A/if;A;B,nothing|B|not;A|not;B,B,single-choice,propositional
GHMOKH,13,A/if;A;B,B|not;A|nothing|not;B,B,single-choice,propositional
MRYDPW,17,A/iff;A;B,nothing|B|not;B|not;A,B,single-choice,propositional
QSRLUR,15,A/iff;A;B,not;A|nothing|not;B|B,B,single-choice,propositional
GHMOKH,14,A/iff;A;B,nothing|not;B|not;A|B,B,single-choice,propositional
MRYDPW,18,B/if;A;B,nothing|not;A|not;B|A,A,single-choice,propositional
JDRIJJ,0,B/or;A;B/not;and;A;B,nothing|not;B|A|not;A,not;A,single-choice,propositional
QSRLUR,16,A/or;A;B/not;and;A;B,nothing|not;A|B|not;B,not;B,single-choice,propositional
MRYDPW,19,Not;A/if;A;B,not;B|B|nothing|A,not;B,single-choice,propositional
QSRLUR,17,Not;A/if;A;B,not;B|nothing|A|B,nothing,single-choice,propositional
JDRIJJ,1,B/iff;A;B,A|nothing|not;A|not;B,A,single-choice,propositional
GHMOKH,15,Not;A/or;or;A;B;and;A;B,not;B|nothing|A|B,nothing,single-choice,propositional
NESIUZ,0,A/or;or;A;B;and;A;B,B|nothing|not;B|not;A,B,single-choice,propositional
QSRLUR,18,B/iff;A;B,not;B|A|nothing|not;A,A,single-choice,propositional
MRYDPW,20,B/or;or;A;B;and;A;B,not;B|nothing|not;A|A,A,single-choice,propositional
JDRIJJ,2,Not;B/or;A;B/not;and;A;B,nothing|not;A|A|B,nothing,single-choice,propositional
QSRLUR,19,Not;A/or;A;B/not;and;A;B,not;B|B|nothing|A,B,single-choice,propositional
MRYDPW,21,Not;A/if;A;B,nothing|B|not;B|A,not;B,single-choice,propositional
GHMOKH,16,B/if;A;B,A|not;A|nothing|not;B,A,single-choice,propositional
MWEUVU,14,Not;A/if;A;B,nothing|not;B|B|A,nothing,single-choice,propositional
JDRIJJ,3,Not;A/if;A;B,not;B|nothing|A|B,nothing,single-choice,propositional
MRYDPW,22,A/or;A;B/not;and;A;B,not;B|nothing|not;A|B,not;B,single-choice,propositional
QSRLUR,20,B/iff;A;B,A|nothing|not;A|not;B,A,single-choice,propositional
NESIUZ,1,Not;B/iff;A;B,A|not;A|B|nothing,not;A,single-choice,propositional
MWEUVU,15,Not;A/or;A;B/not;and;A;B,A|not;B|nothing|B,not;B,single-choice,propositional
MRYDPW,23,B/iff;A;B,not;B|not;A|nothing|A,A,single-choice,propositional
GHMOKH,17,Not;A/if;A;B,nothing|B|A|not;B,not;B,single-choice,propositional
QSRLUR,21,B/or;A;B/not;and;A;B,A|not;B|nothing|not;A,not;A,single-choice,propositional
MRYDPW,24,A/iff;A;B,not;B|not;A|nothing|B,B,single-choice,propositional
JDRIJJ,4,Not;B/or;or;A;B;and;A;B,B|A|nothing|not;A,nothing,single-choice,propositional
NESIUZ,2,Not;A/if;A;B,not;B|B|nothing|A,nothing,single-choice,propositional
QSRLUR,22,A/iff;A;B,B|not;B|not;A|nothing,B,single-choice,propositional
GHMOKH,18,A/iff;A;B,not;B|not;A|nothing|B,B,single-choice,propositional
MRYDPW,25,Not;B/iff;A;B,not;A|A|B|nothing,not;A,single-choice,propositional
NESIUZ,3,Not;A/iff;A;B,not;B|nothing|B|A,not;B,single-choice,propositional
QSRLUR,23,Not;A/if;A;B,A|not;B|nothing|B,nothing,single-choice,propositional
MRYDPW,26,Not;A/or;or;A;B;and;A;B,A|not;B|nothing|B,B,single-choice,propositional
NESIUZ,4,B/or;A;B/not;and;A;B,not;A|A|not;B|nothing,not;A,single-choice,propositional
JDRIJJ,5,Not;A/or;A;B/not;and;A;B,nothing|A|not;B|B,B,single-choice,propositional
GHMOKH,19,Not;B/or;A;B/not;and;A;B,nothing|not;A|A|B,nothing,single-choice,propositional
MRYDPW,27,Not;B/or;or;A;B;and;A;B,A|not;A|nothing|B,A,single-choice,propositional
NESIUZ,5,B/or;or;A;B;and;A;B,not;A|nothing|not;B|A,A,single-choice,propositional
JDRIJJ,6,A/if;A;B,not;B|not;A|nothing|B,B,single-choice,propositional
QSRLUR,24,Not;A/iff;A;B,not;B|A|B|nothing,not;B,single-choice,propositional
GHMOKH,20,Not;A/iff;A;B,A|B|nothing|not;B,not;B,single-choice,propositional
MRYDPW,28,B/or;A;B/not;and;A;B,not;A|nothing|not;B|A,not;A,single-choice,propositional
QSRLUR,25,B/or;or;A;B;and;A;B,nothing|not;B|not;A|A,nothing,single-choice,propositional
NESIUZ,6,Not;A/or;or;A;B;and;A;B,B|A|not;B|nothing,not;B,single-choice,propositional
QSRLUR,26,B/if;A;B,nothing|not;B|not;A|A,nothing,single-choice,propositional
MRYDPW,29,Not;A/iff;A;B,not;B|B|nothing|A,not;B,single-choice,propositional
NESIUZ,7,A/iff;A;B,not;B|not;A|nothing|B,B,single-choice,propositional
JDRIJJ,7,A/or;or;A;B;and;A;B,not;B|nothing|not;A|B,nothing,single-choice,propositional
GHMOKH,21,Not;B/iff;A;B,not;A|A|B|nothing,nothing,single-choice,propositional
QSRLUR,27,Not;B/or;A;B/not;and;A;B,A|B|not;A|nothing,A,single-choice,propositional
MRYDPW,30,A/if;A;B,not;A|not;B|B|nothing,B,single-choice,propositional
QSRLUR,28,Not;B/if;A;B,B|nothing|not;A|A,not;A,single-choice,propositional
NESIUZ,8,Not;B/if;A;B,A|nothing|B|not;A,not;A,single-choice,propositional
MRYDPW,31,Not;B/if;A;B,A|nothing|B|not;A,not;A,single-choice,propositional
GHMOKH,22,B/iff;A;B,A|not;B|not;A|nothing,A,single-choice,propositional
JDRIJJ,8,Not;A/or;or;A;B;and;A;B,B|nothing|A|not;B,B,single-choice,propositional
QSRLUR,29,B/or;or;A;B;and;A;B,not;A|not;B|A|nothing,A,single-choice,propositional
NESIUZ,9,Not;A/or;A;B/not;and;A;B,not;B|nothing|A|B,A,single-choice,propositional
GHMOKH,23,Not;B/iff;A;B,B|A|not;A|nothing,not;A,single-choice,propositional
JDRIJJ,9,Not;B/iff;A;B,not;A|A|B|nothing,not;A,single-choice,propositional
LYCMKW,0,B/iff;A;B,not;B|not;A|nothing|A,A,single-choice,propositional
QSRLUR,30,Not;B/or;or;A;B;and;A;B,nothing|A|B|not;A,nothing,single-choice,propositional
NESIUZ,10,Not;A/iff;A;B,A|B|not;B|nothing,nothing,single-choice,propositional
GHMOKH,24,Not;A/or;A;B/not;and;A;B,not;B|nothing|B|A,B,single-choice,propositional
JDRIJJ,10,B/or;A;B/not;and;A;B,A|not;A|nothing|not;B,not;A,single-choice,propositional
LYCMKW,1,Not;B/or;A;B/not;and;A;B,B|A|nothing|not;A,A,single-choice,propositional
QSRLUR,31,B/or;A;B/not;and;A;B,not;A|not;B|nothing|A,not;A,single-choice,propositional
NESIUZ,11,B/iff;A;B,nothing|not;A|not;B|A,A,single-choice,propositional
GHMOKH,25,B/iff;A;B,not;A|not;B|A|nothing,A,single-choice,propositional
JDRIJJ,11,B/or;or;A;B;and;A;B,not;A|A|not;B|nothing,nothing,single-choice,propositional
LYCMKW,2,Not;B/or;A;B/not;and;A;B,A|B|not;A|nothing,A,single-choice,propositional
NESIUZ,12,B/or;A;B/not;and;A;B,A|not;B|not;A|nothing,not;A,single-choice,propositional
JDRIJJ,12,A/iff;A;B,not;B|B|nothing|not;A,B,single-choice,propositional
GHMOKH,26,Not;B/or;or;A;B;and;A;B,A|nothing|not;A|B,nothing,single-choice,propositional
NESIUZ,13,Not;A/or;or;A;B;and;A;B,A|B|not;B|nothing,not;B,single-choice,propositional
GHMOKH,27,A/or;or;A;B;and;A;B,nothing|not;B|not;A|B,nothing,single-choice,propositional
JDRIJJ,13,A/or;A;B/not;and;A;B,not;A|not;B|B|nothing,not;B,single-choice,propositional
NESIUZ,14,A/or;A;B/not;and;A;B,B|nothing|not;B|not;A,not;B,single-choice,propositional
LYCMKW,3,Not;B/or;or;A;B;and;A;B,B|not;A|nothing|A,A,single-choice,propositional
GHMOKH,28,Not;B/or;A;B/not;and;A;B,not;A|B|nothing|A,nothing,single-choice,propositional
NESIUZ,15,A/iff;A;B,B|not;A|nothing|not;B,B,single-choice,propositional
JDRIJJ,14,Not;A/iff;A;B,B|nothing|A|not;B,not;B,single-choice,propositional
GXUTBV,0,B/or;A;B/not;and;A;B,A|not;A|nothing|not;B,not;A,single-choice,propositional
LYCMKW,4,Not;A/or;A;B/not;and;A;B,nothing|B|not;B|A,B,single-choice,propositional
NESIUZ,16,A/if;A;B,B|not;A|not;B|nothing,B,single-choice,propositional
JDRIJJ,15,B/if;A;B,nothing|not;B|A|not;A,A,single-choice,propositional
JDRIJJ,16,Not;A/or;or;A;B;and;A;B,not;B|nothing|A|B,B,single-choice,propositional
GHMOKH,29,Not;A/iff;A;B,A|not;B|B|nothing,not;B,single-choice,propositional
NESIUZ,17,Not;B/if;A;B,B|not;A|nothing|A,not;A,single-choice,propositional
LYCMKW,5,Not;B/if;A;B,A|not;A|B|nothing,not;A,single-choice,propositional
JDRIJJ,17,Not;B/or;A;B/not;and;A;B,not;A|A|B|nothing,A,single-choice,propositional
NESIUZ,18,A/or;A;B/not;and;A;B,nothing|B|not;B|not;A,not;B,single-choice,propositional
MWEUVU,16,B/or;A;B/not;and;A;B,not;B|A|nothing|not;A,A,single-choice,propositional
LYCMKW,6,A/iff;A;B,nothing|not;B|B|not;A,B,single-choice,propositional
GXUTBV,1,Not;A/or;or;A;B;and;A;B,A|not;B|nothing|B,A,single-choice,propositional
DDCFRW,0,Not;B/if;A;B,B|nothing|A|not;A,nothing,single-choice,propositional
GHMOKH,30,B/or;A;B/not;and;A;B,nothing|A|not;A|not;B,not;A,single-choice,propositional
LYCMKW,7,Not;A/if;A;B,B|nothing|A|not;B,not;B,single-choice,propositional
MWEUVU,17,B/or;A;B/not;and;A;B,not;A|nothing|A|not;B,A,single-choice,propositional
JDRIJJ,18,Not;B/if;A;B,nothing|A|not;A|B,not;A,single-choice,propositional
NESIUZ,19,Not;B/or;A;B/not;and;A;B,nothing|B|not;A|A,A,single-choice,propositional
GHMOKH,31,Not;B/or;or;A;B;and;A;B,A|B|nothing|not;A,nothing,single-choice,propositional
DDCFRW,1,Not;A/or;or;A;B;and;A;B,A|not;B|B|nothing,nothing,single-choice,propositional
GXUTBV,2,Not;B/or;or;A;B;and;A;B,not;A|B|A|nothing,A,single-choice,propositional
LYCMKW,8,B/or;or;A;B;and;A;B,not;A|not;B|A|nothing,A,single-choice,propositional
MWEUVU,18,Not;B/if;A;B,A|nothing|not;A|B,nothing,single-choice,propositional
JDRIJJ,19,Not;B/if;A;B,nothing|A|B|not;A,not;A,single-choice,propositional
NESIUZ,20,B/if;A;B,A|not;A|nothing|not;B,A,single-choice,propositional
LVEOSJ,0,B/or;A;B/not;and;A;B,nothing|not;A|A|not;B,not;A,single-choice,propositional
LYCMKW,9,A/or;or;A;B;and;A;B,not;A|B|nothing|not;B,B,single-choice,propositional
DDCFRW,2,A/or;A;B/not;and;A;B,not;B|nothing|B|not;A,not;B,single-choice,propositional
YMEWYH,0,Not;B/or;A;B/not;and;A;B,B|not;A|nothing|A,A,single-choice,propositional
GXUTBV,3,Not;A/iff;A;B,nothing|not;B|A|B,A,single-choice,propositional
NESIUZ,21,A/or;or;A;B;and;A;B,nothing|not;A|B|not;B,B,single-choice,propositional
JDRIJJ,20,B/or;or;A;B;and;A;B,A|nothing|not;A|not;B,nothing,single-choice,propositional
MWEUVU,19,A/or;A;B/not;and;A;B,nothing|not;A|B|not;B,not;B,single-choice,propositional
YMEWYH,1,Not;A/iff;A;B,B|not;B|A|nothing,not;B,single-choice,propositional
LYCMKW,10,B/or;A;B/not;and;A;B,not;A|A|nothing|not;B,not;A,single-choice,propositional
JDRIJJ,21,Not;B/iff;A;B,nothing|not;A|B|A,not;A,single-choice,propositional
UKCQTE,0,Not;B/or;or;A;B;and;A;B,A|nothing|B|not;A,A,single-choice,propositional
LVEOSJ,1,Not;B/iff;A;B,A|nothing|B|not;A,nothing,single-choice,propositional
LYCMKW,11,Not;A/or;A;B/not;and;A;B,not;B|A|nothing|B,B,single-choice,propositional
YMEWYH,2,B/or;A;B/not;and;A;B,not;A|nothing|A|not;B,not;A,single-choice,propositional
GXUTBV,4,B/if;A;B,nothing|not;A|not;B|A,nothing,single-choice,propositional
NESIUZ,22,Not;B/or;A;B/not;and;A;B,A|B|not;A|nothing,A,single-choice,propositional
LYCMKW,12,Not;A/iff;A;B,not;B|nothing|A|B,not;B,single-choice,propositional
JDRIJJ,22,B/iff;A;B,not;B|nothing|A|not;A,A,single-choice,propositional
YMEWYH,3,Not;B/or;or;A;B;and;A;B,nothing|A|not;A|B,A,single-choice,propositional
DDCFRW,3,B/or;or;A;B;and;A;B,not;B|nothing|A|not;A,nothing,single-choice,propositional
MWEUVU,20,Not;A/or;A;B/not;and;A;B,A|not;B|B|nothing,B,single-choice,propositional
NESIUZ,23,Not;B/or;or;A;B;and;A;B,A|nothing|B|not;A,not;A,single-choice,propositional
LYCMKW,13,A/or;A;B/not;and;A;B,B|not;B|nothing|not;A,not;B,single-choice,propositional
MWEUVU,21,Not;A/iff;A;B,nothing|B|A|not;B,B,single-choice,propositional
LVEOSJ,2,Not;A/if;A;B,B|nothing|A|not;B,not;B,single-choice,propositional
MWEUVU,22,Not;A/or;or;A;B;and;A;B,B|A|nothing|not;B,B,single-choice,propositional
GXUTBV,5,B/if;A;B,not;B|A|not;A|nothing,nothing,single-choice,propositional
UKCQTE,1,B/or;or;A;B;and;A;B,nothing|not;B|A|not;A,nothing,single-choice,propositional
YMEWYH,4,B/or;or;A;B;and;A;B,not;A|nothing|A|not;B,A,single-choice,propositional
NESIUZ,24,A/if;A;B,not;A|not;B|B|nothing,B,single-choice,propositional
MWEUVU,23,A/or;or;A;B;and;A;B,not;A|B|nothing|not;B,not;A,single-choice,propositional
YMEWYH,5,A/or;A;B/not;and;A;B,nothing|not;B|not;A|B,not;B,single-choice,propositional
MWEUVU,24,B/iff;A;B,not;A|nothing|A|not;B,nothing,single-choice,propositional
LYCMKW,14,B/or;or;A;B;and;A;B,nothing|A|not;B|not;A,A,single-choice,propositional
LVEOSJ,3,Not;B/if;A;B,A|B|not;A|nothing,nothing,single-choice,propositional
UKCQTE,2,A/or;or;A;B;and;A;B,nothing|not;B|not;A|B,nothing,single-choice,propositional
MWEUVU,25,Not;B/or;or;A;B;and;A;B,nothing|A|B|not;A,not;A,single-choice,propositional
DDCFRW,4,Not;B/or;or;A;B;and;A;B,A|B|nothing|not;A,nothing,single-choice,propositional
MWEUVU,26,Not;B/iff;A;B,nothing|A|not;A|B,not;A,single-choice,propositional
YMEWYH,6,Not;A/or;A;B/not;and;A;B,A|not;B|nothing|B,B,single-choice,propositional
GXUTBV,6,Not;A/or;or;A;B;and;A;B,not;B|nothing|A|B,nothing,single-choice,propositional
NESIUZ,25,Not;A/if;A;B,A|nothing|B|not;B,not;B,single-choice,propositional
LYCMKW,15,B/if;A;B,not;B|A|not;A|nothing,A,single-choice,propositional
MWEUVU,27,B/or;or;A;B;and;A;B,not;A|not;B|A|nothing,not;A,single-choice,propositional
JDRIJJ,24,B/if;A;B,nothing|not;A|not;B|A,A,single-choice,propositional
MWEUVU,28,Not;B/or;A;B/not;and;A;B,not;A|B|A|nothing,B,single-choice,propositional
YMEWYH,7,Not;A/if;A;B,nothing|A|not;B|B,not;B,single-choice,propositional
LYCMKW,16,Not;A/iff;A;B,A|nothing|not;B|B,not;B,single-choice,propositional
NESIUZ,26,B/iff;A;B,not;B|nothing|A|not;A,A,single-choice,propositional
MWEUVU,29,A/or;A;B/not;and;A;B,nothing|B|not;A|not;B,not;B,single-choice,propositional
LVEOSJ,4,Not;B/if;A;B,not;A|B|nothing|A,nothing,single-choice,propositional
JDRIJJ,25,A/or;or;A;B;and;A;B,not;B|B|not;A|nothing,nothing,single-choice,propositional
MWEUVU,30,Not;A/if;A;B,not;B|B|A|nothing,B,single-choice,propositional
YMEWYH,8,A/if;A;B,nothing|not;B|B|not;A,B,single-choice,propositional
LYCMKW,17,Not;B/if;A;B,nothing|not;A|B|A,not;A,single-choice,propositional
DDCFRW,5,A/or;A;B/not;and;A;B,B|not;A|nothing|not;B,not;B,single-choice,propositional
JDRIJJ,26,A/if;A;B,B|nothing|not;A|not;B,B,single-choice,propositional
LYCMKW,18,A/or;A;B/not;and;A;B,not;A|nothing|B|not;B,not;B,single-choice,propositional
YMEWYH,9,Not;A/or;or;A;B;and;A;B,nothing|A|not;B|B,B,single-choice,propositional
UKCQTE,3,A/iff;A;B,not;B|B|nothing|not;A,B,single-choice,propositional
GXUTBV,7,A/iff;A;B,not;B|not;A|B|nothing,nothing,single-choice,propositional
YMEWYH,10,Not;A/if;A;B,not;B|A|nothing|B,not;B,single-choice,propositional
NESIUZ,27,Not;B/iff;A;B,nothing|not;A|A|B,B,single-choice,propositional
DDCFRW,6,A/iff;A;B,nothing|not;A|B|not;B,B,single-choice,propositional
JDRIJJ,27,Not;B/or;or;A;B;and;A;B,A|nothing|B|not;A,A,single-choice,propositional
UKCQTE,4,A/or;or;A;B;and;A;B,B|not;A|nothing|not;B,nothing,single-choice,propositional
LVEOSJ,5,B/or;or;A;B;and;A;B,not;B|A|nothing|not;A,nothing,single-choice,propositional
YMEWYH,11,B/or;or;A;B;and;A;B,not;B|not;A|nothing|A,A,single-choice,propositional
LYCMKW,19,Not;B/iff;A;B,nothing|A|not;A|B,not;A,single-choice,propositional
GXUTBV,8,Not;A/if;A;B,not;B|A|nothing|B,not;B,single-choice,propositional
KMQFCA,0,B/if;A;B,not;A|A|nothing|not;B,A,single-choice,propositional
LVEOSJ,6,A/if;A;B,not;B|not;A|B|nothing,B,single-choice,propositional
YMEWYH,12,B/iff;A;B,not;A|A|not;B|nothing,A,single-choice,propositional
JDRIJJ,28,A/or;A;B/not;and;A;B,B|not;A|nothing|not;B,not;B,single-choice,propositional
DDCFRW,7,Not;A/if;A;B,nothing|not;B|B|A,not;B,single-choice,propositional
UKCQTE,5,B/or;or;A;B;and;A;B,not;B|nothing|not;A|A,nothing,single-choice,propositional
NESIUZ,28,B/or;or;A;B;and;A;B,nothing|not;B|not;A|A,A,single-choice,propositional
YMEWYH,13,Not;B/or;A;B/not;and;A;B,A|not;A|nothing|B,A,single-choice,propositional
JDRIJJ,29,A/iff;A;B,not;A|not;B|nothing|B,B,single-choice,propositional
LVEOSJ,7,Not;A/or;or;A;B;and;A;B,B|A|nothing|not;B,B,single-choice,propositional
YMEWYH,14,A/if;A;B,not;B|nothing|not;A|B,B,single-choice,propositional
GXUTBV,9,Not;A/or;A;B/not;and;A;B,nothing|not;B|B|A,B,single-choice,propositional
KMQFCA,1,Not;A/or;A;B/not;and;A;B,not;B|nothing|B|A,B,single-choice,propositional
LYCMKW,20,Not;B/or;or;A;B;and;A;B,nothing|B|A|not;A,A,single-choice,propositional
NESIUZ,29,Not;A/or;A;B/not;and;A;B,nothing|not;B|A|B,B,single-choice,propositional
DDCFRW,8,B/iff;A;B,not;B|nothing|not;A|A,A,single-choice,propositional
YMEWYH,15,A/iff;A;B,nothing|B|not;A|not;B,B,single-choice,propositional
JDRIJJ,30,Not;A/or;A;B/not;and;A;B,A|nothing|B|not;B,B,single-choice,propositional
LYCMKW,21,Not;A/if;A;B,A|B|not;B|nothing,not;B,single-choice,propositional
UKCQTE,6,Not;A/or;A;B/not;and;A;B,B|not;B|A|nothing,B,single-choice,propositional
GXUTBV,10,B/iff;A;B,A|not;B|nothing|not;A,A,single-choice,propositional
NESIUZ,30,Not;B/or;or;A;B;and;A;B,B|not;A|nothing|A,not;A,single-choice,propositional
YMEWYH,16,B/iff;A;B,not;B|A|nothing|not;A,A,single-choice,propositional
DDCFRW,9,A/or;or;A;B;and;A;B,not;A|nothing|B|not;B,nothing,single-choice,propositional
LYCMKW,22,A/if;A;B,B|not;B|nothing|not;A,B,single-choice,propositional
LVEOSJ,8,B/iff;A;B,nothing|A|not;A|not;B,A,single-choice,propositional
KMQFCA,2,Not;B/or;or;A;B;and;A;B,not;A|B|A|nothing,A,single-choice,propositional
LYCMKW,23,A/iff;A;B,not;A|B|nothing|not;B,B,single-choice,propositional
GXUTBV,11,A/or;or;A;B;and;A;B,not;B|not;A|nothing|B,B,single-choice,propositional
DDCFRW,10,B/or;A;B/not;and;A;B,A|nothing|not;A|not;B,not;A,single-choice,propositional
UKCQTE,7,B/iff;A;B,not;A|not;B|A|nothing,A,single-choice,propositional
YMEWYH,17,Not;B/iff;A;B,nothing|A|B|not;A,not;A,single-choice,propositional
LVEOSJ,9,A/iff;A;B,B|not;B|not;A|nothing,B,single-choice,propositional
LYCMKW,24,Not;B/iff;A;B,A|B|not;A|nothing,not;A,single-choice,propositional
YMEWYH,18,A/or;or;A;B;and;A;B,not;B|nothing|B|not;A,B,single-choice,propositional
KMQFCA,3,Not;B/iff;A;B,B|not;A|nothing|A,nothing,single-choice,propositional
UKCQTE,8,A/if;A;B,nothing|B|not;B|not;A,B,single-choice,propositional
GXUTBV,12,Not;B/or;or;A;B;and;A;B,not;A|A|nothing|B,nothing,single-choice,propositional
LVEOSJ,10,Not;B/or;or;A;B;and;A;B,A|not;A|nothing|B,A,single-choice,propositional
DDCFRW,11,Not;A/if;A;B,not;B|A|B|nothing,not;B,single-choice,propositional
YMEWYH,19,Not;B/if;A;B,B|A|not;A|nothing,not;A,single-choice,propositional
KMQFCA,4,B/or;A;B/not;and;A;B,nothing|not;A|not;B|A,not;A,single-choice,propositional
YMEWYH,20,Not;A/iff;A;B,not;B|nothing|B|A,not;B,single-choice,propositional
LVEOSJ,11,Not;B/or;A;B/not;and;A;B,A|not;A|B|nothing,A,single-choice,propositional
UKCQTE,9,B/or;A;B/not;and;A;B,not;A|A|not;B|nothing,not;A,single-choice,propositional
DDCFRW,12,B/if;A;B,not;A|A|not;B|nothing,A,single-choice,propositional
GXUTBV,13,B/or;A;B/not;and;A;B,A|not;B|not;A|nothing,not;A,single-choice,propositional
KMQFCA,5,A/if;A;B,not;B|nothing|B|not;A,B,single-choice,propositional
LYCMKW,25,A/or;or;A;B;and;A;B,not;B|not;A|nothing|B,B,single-choice,propositional
DDCFRW,13,B/or;A;B/not;and;A;B,nothing|not;B|A|not;A,not;A,single-choice,propositional
LVEOSJ,12,Not;A/if;A;B,not;B|B|A|nothing,not;B,single-choice,propositional
YMEWYH,21,Not;A/or;A;B/not;and;A;B,B|nothing|A|not;B,B,single-choice,propositional
GXUTBV,14,Not;A/if;A;B,A|nothing|not;B|B,not;B,single-choice,propositional
PEJCFM,0,A/or;A;B/not;and;A;B,not;A|nothing|B|not;B,nothing,single-choice,propositional
LYCMKW,26,B/or;A;B/not;and;A;B,A|nothing|not;B|not;A,not;A,single-choice,propositional
KMQFCA,6,Not;B/or;or;A;B;and;A;B,nothing|A|B|not;A,A,single-choice,propositional
YMEWYH,22,Not;B/if;A;B,nothing|B|A|not;A,A,single-choice,propositional
DDCFRW,14,Not;A/iff;A;B,nothing|B|not;B|A,not;B,single-choice,propositional
UKCQTE,10,Not;B/iff;A;B,nothing|A|B|not;A,not;A,single-choice,propositional
LVEOSJ,13,Not;B/or;or;A;B;and;A;B,B|A|not;A|nothing,A,single-choice,propositional
YMEWYH,23,Not;A/or;or;A;B;and;A;B,nothing|A|not;B|B,B,single-choice,propositional
DDCFRW,15,A/if;A;B,B|not;B|not;A|nothing,B,single-choice,propositional
KMQFCA,7,Not;B/if;A;B,not;A|B|nothing|A,nothing,single-choice,propositional
LVEOSJ,14,Not;A/or;A;B/not;and;A;B,not;B|nothing|B|A,B,single-choice,propositional
GXUTBV,15,Not;B/or;A;B/not;and;A;B,A|nothing|B|not;A,A,single-choice,propositional
YMEWYH,24,Not;B/iff;A;B,nothing|A|B|not;A,not;A,single-choice,propositional
PEJCFM,1,B/if;A;B,not;A|nothing|not;B|A,nothing,single-choice,propositional
DDCFRW,16,B/or;or;A;B;and;A;B,not;A|nothing|not;B|A,nothing,single-choice,propositional
UKCQTE,11,Not;B/or;A;B/not;and;A;B,B|not;A|A|nothing,A,single-choice,propositional
LVEOSJ,15,A/or;A;B/not;and;A;B,B|not;A|not;B|nothing,not;B,single-choice,propositional
GXUTBV,16,A/or;A;B/not;and;A;B,not;A|not;B|nothing|B,not;B,single-choice,propositional
YMEWYH,25,B/if;A;B,nothing|A|not;A|not;B,A,single-choice,propositional
KMQFCA,8,A/iff;A;B,B|not;A|nothing|not;B,B,single-choice,propositional
LYCMKW,27,Not;A/or;or;A;B;and;A;B,nothing|not;B|B|A,B,single-choice,propositional
UKCQTE,12,Not;A/or;or;A;B;and;A;B,not;B|A|B|nothing,B,single-choice,propositional
YMEWYH,26,B/if;A;B,not;A|nothing|not;B|A,A,single-choice,propositional
DDCFRW,17,Not;B/or;A;B/not;and;A;B,B|nothing|not;A|A,A,single-choice,propositional
PEJCFM,2,Not;B/or;or;A;B;and;A;B,B|not;A|A|nothing,A,single-choice,propositional
LVEOSJ,16,Not;A/iff;A;B,B|A|nothing|not;B,not;B,single-choice,propositional
GXUTBV,17,B/iff;A;B,not;A|A|not;B|nothing,A,single-choice,propositional
YMEWYH,27,A/or;or;A;B;and;A;B,nothing|not;A|not;B|B,nothing,single-choice,propositional
KMQFCA,9,B/iff;A;B,A|nothing|not;B|not;A,A,single-choice,propositional
UKCQTE,13,A/or;A;B/not;and;A;B,not;B|not;A|B|nothing,not;B,single-choice,propositional
DDCFRW,18,A/if;A;B,not;B|B|not;A|nothing,B,single-choice,propositional
PEJCFM,3,Not;A/or;or;A;B;and;A;B,not;B|nothing|B|A,B,single-choice,propositional
UKCQTE,14,B/or;A;B/not;and;A;B,not;A|A|not;B|nothing,not;A,single-choice,propositional
GXUTBV,18,A/iff;A;B,B|not;B|not;A|nothing,B,single-choice,propositional
YMEWYH,28,A/or;A;B/not;and;A;B,not;A|B|nothing|not;B,not;B,single-choice,propositional
DDCFRW,19,Not;B/or;A;B/not;and;A;B,B|nothing|A|not;A,A,single-choice,propositional
LYCMKW,28,Not;A/or;or;A;B;and;A;B,B|A|nothing|not;B,B,single-choice,propositional
KMQFCA,10,A/iff;A;B,nothing|not;B|B|not;A,B,single-choice,propositional
YMEWYH,29,Not;B/or;or;A;B;and;A;B,A|B|nothing|not;A,nothing,single-choice,propositional
LVEOSJ,17,B/if;A;B,not;B|A|not;A|nothing,nothing,single-choice,propositional
GXUTBV,19,Not;A/iff;A;B,B|A|nothing|not;B,not;B,single-choice,propositional
PEJCFM,4,Not;A/iff;A;B,not;B|A|B|nothing,not;B,single-choice,propositional
YMEWYH,30,A/iff;A;B,B|not;B|not;A|nothing,B,single-choice,propositional
LVEOSJ,18,B/or;A;B/not;and;A;B,A|nothing|not;A|not;B,not;A,single-choice,propositional
UKCQTE,15,B/iff;A;B,not;B|A|not;A|nothing,A,single-choice,propositional
LYCMKW,29,A/if;A;B,nothing|not;B|not;A|B,B,single-choice,propositional
DDCFRW,20,Not;A/iff;A;B,not;B|A|B|nothing,not;B,single-choice,propositional
KMQFCA,11,B/or;or;A;B;and;A;B,A|not;B|nothing|not;A,nothing,single-choice,propositional
PEJCFM,5,B/iff;A;B,A|nothing|not;A|not;B,A,single-choice,propositional
GXUTBV,20,A/if;A;B,nothing|B|not;B|not;A,B,single-choice,propositional
YMEWYH,31,B/or;A;B/not;and;A;B,not;B|nothing|A|not;A,not;A,single-choice,propositional
LVEOSJ,19,Not;A/iff;A;B,not;B|A|nothing|B,not;B,single-choice,propositional
GXUTBV,21,B/or;or;A;B;and;A;B,not;A|not;B|nothing|A,not;A,single-choice,propositional
LYCMKW,30,B/if;A;B,not;B|not;A|nothing|A,A,single-choice,propositional
KMQFCA,12,Not;B/or;A;B/not;and;A;B,A|not;A|B|nothing,A,single-choice,propositional
PEJCFM,6,B/or;A;B/not;and;A;B,not;B|A|nothing|not;A,not;A,single-choice,propositional
GXUTBV,22,Not;B/iff;A;B,B|A|not;A|nothing,not;A,single-choice,propositional
LVEOSJ,20,B/iff;A;B,nothing|not;A|A|not;B,nothing,single-choice,propositional
PEJCFM,7,Not;A/if;A;B,A|not;B|B|nothing,nothing,single-choice,propositional
DDCFRW,21,Not;B/or;or;A;B;and;A;B,A|not;A|B|nothing,nothing,single-choice,propositional
KMQFCA,13,Not;A/or;or;A;B;and;A;B,A|nothing|not;B|B,B,single-choice,propositional
GXUTBV,23,Not;B/if;A;B,nothing|not;A|B|A,not;A,single-choice,propositional
LVEOSJ,21,B/or;or;A;B;and;A;B,not;A|A|nothing|not;B,nothing,single-choice,propositional
KMQFCA,14,Not;B/or;A;B/not;and;A;B,not;A|A|B|nothing,A,single-choice,propositional
PEJCFM,8,A/or;or;A;B;and;A;B,B|not;A|not;B|nothing,nothing,single-choice,propositional
UKCQTE,16,Not;B/if;A;B,nothing|B|not;A|A,not;A,single-choice,propositional
GXUTBV,24,Not;B/iff;A;B,not;A|A|nothing|B,not;A,single-choice,propositional
LVEOSJ,22,B/if;A;B,nothing|not;A|A|not;B,A,single-choice,propositional
KMQFCA,15,Not;B/iff;A;B,nothing|B|not;A|A,not;A,single-choice,propositional
DDCFRW,22,Not;B/if;A;B,A|not;A|nothing|B,nothing,single-choice,propositional
PEJCFM,9,B/if;A;B,not;A|A|not;B|nothing,nothing,single-choice,propositional
UKCQTE,17,Not;B/if;A;B,nothing|A|B|not;A,nothing,single-choice,propositional
GXUTBV,25,A/or;A;B/not;and;A;B,B|not;A|not;B|nothing,not;B,single-choice,propositional
LVEOSJ,23,A/or;or;A;B;and;A;B,B|not;A|nothing|not;B,nothing,single-choice,propositional
DDCFRW,23,A/iff;A;B,not;A|nothing|not;B|B,B,single-choice,propositional
PEJCFM,10,Not;B/or;A;B/not;and;A;B,nothing|not;A|B|A,A,single-choice,propositional
KMQFCA,16,B/iff;A;B,A|not;A|nothing|not;B,A,single-choice,propositional
GXUTBV,26,Not;B/if;A;B,nothing|A|not;A|B,not;A,single-choice,propositional
LVEOSJ,24,Not;B/iff;A;B,A|B|nothing|not;A,nothing,single-choice,propositional
UKCQTE,18,Not;B/or;A;B/not;and;A;B,not;A|A|nothing|B,A,single-choice,propositional
DDCFRW,24,Not;A/or;A;B/not;and;A;B,A|B|not;B|nothing,B,single-choice,propositional
KMQFCA,17,Not;A/iff;A;B,A|nothing|not;B|B,not;B,single-choice,propositional
GXUTBV,27,B/or;or;A;B;and;A;B,nothing|not;A|not;B|A,not;A,single-choice,propositional
UKCQTE,19,B/if;A;B,A|not;A|not;B|nothing,nothing,single-choice,propositional
PEJCFM,11,Not;B/if;A;B,nothing|not;A|B|A,nothing,single-choice,propositional
KMQFCA,18,A/or;A;B/not;and;A;B,not;B|nothing|B|not;A,not;B,single-choice,propositional
GXUTBV,28,Not;B/or;A;B/not;and;A;B,A|not;A|nothing|B,A,single-choice,propositional
DDCFRW,25,B/if;A;B,not;B|not;A|A|nothing,A,single-choice,propositional
UKCQTE,20,A/or;A;B/not;and;A;B,B|nothing|not;B|not;A,not;B,single-choice,propositional
PEJCFM,12,Not;B/iff;A;B,A|nothing|not;A|B,not;A,single-choice,propositional
LVEOSJ,25,Not;B/or;A;B/not;and;A;B,B|not;A|nothing|A,A,single-choice,propositional
KMQFCA,19,A/if;A;B,nothing|not;B|not;A|B,B,single-choice,propositional
UKCQTE,21,A/iff;A;B,not;B|B|not;A|nothing,B,single-choice,propositional
DDCFRW,26,A/or;or;A;B;and;A;B,B|not;B|nothing|not;A,nothing,single-choice,propositional
PEJCFM,13,A/if;A;B,not;A|nothing|not;B|B,B,single-choice,propositional
GXUTBV,29,A/or;or;A;B;and;A;B,not;B|nothing|not;A|B,nothing,single-choice,propositional
LVEOSJ,27,A/or;A;B/not;and;A;B,not;A|nothing|B|not;B,not;B,single-choice,propositional
UKCQTE,22,Not;A/iff;A;B,not;B|nothing|A|B,not;B,single-choice,propositional
KMQFCA,20,A/or;A;B/not;and;A;B,B|not;A|not;B|nothing,not;B,single-choice,propositional
DDCFRW,27,B/iff;A;B,nothing|not;A|A|not;B,A,single-choice,propositional
GXUTBV,30,Not;A/or;A;B/not;and;A;B,not;B|B|nothing|A,B,single-choice,propositional
LVEOSJ,28,A/if;A;B,B|not;A|nothing|not;B,B,single-choice,propositional
UKCQTE,23,Not;A/if;A;B,A|not;B|nothing|B,nothing,single-choice,propositional
KMQFCA,21,Not;B/if;A;B,nothing|A|B|not;A,nothing,single-choice,propositional
PEJCFM,15,B/iff;A;B,not;A|nothing|not;B|A,A,single-choice,propositional
GXUTBV,31,A/if;A;B,nothing|not;A|B|not;B,B,single-choice,propositional
UKCQTE,24,Not;A/or;or;A;B;and;A;B,B|A|nothing|not;B,B,single-choice,propositional
DDCFRW,28,Not;B/iff;A;B,nothing|B|A|not;A,not;A,single-choice,propositional
LVEOSJ,29,A/iff;A;B,not;A|B|nothing|not;B,B,single-choice,propositional
PEJCFM,16,Not;B/or;A;B/not;and;A;B,B|nothing|A|not;A,A,single-choice,propositional
KMQFCA,22,A/or;or;A;B;and;A;B,not;B|B|nothing|not;A,nothing,single-choice,propositional
DDCFRW,29,Not;B/iff;A;B,A|not;A|nothing|B,not;A,single-choice,propositional
LVEOSJ,30,Not;A/or;or;A;B;and;A;B,not;B|nothing|B|A,B,single-choice,propositional
UKCQTE,25,Not;A/if;A;B,not;B|nothing|B|A,nothing,single-choice,propositional
PEJCFM,17,A/iff;A;B,nothing|B|not;B|not;A,B,single-choice,propositional
LVEOSJ,31,A/or;or;A;B;and;A;B,B|not;A|nothing|not;B,nothing,single-choice,propositional
KMQFCA,23,B/or;or;A;B;and;A;B,not;B|A|not;A|nothing,nothing,single-choice,propositional
UKCQTE,26,Not;B/or;or;A;B;and;A;B,B|A|nothing|not;A,A,single-choice,propositional
PEJCFM,18,Not;A/or;or;A;B;and;A;B,B|nothing|A|not;B,B,single-choice,propositional
KMQFCA,24,Not;A/if;A;B,not;B|nothing|A|B,not;B,single-choice,propositional
PEJCFM,14,Not;B/or;or;A;B;and;A;B,nothing|B|not;A|A,A,single-choice,propositional
DDCFRW,30,Not;A/or;A;B/not;and;A;B,not;B|nothing|B|A,nothing,single-choice,propositional
KMQFCA,25,Not;A/iff;A;B,not;B|B|nothing|A,not;B,single-choice,propositional
PEJCFM,19,A/or;A;B/not;and;A;B,not;B|not;A|nothing|B,not;B,single-choice,propositional
UKCQTE,27,Not;B/iff;A;B,nothing|not;A|A|B,not;A,single-choice,propositional
PEJCFM,20,A/iff;A;B,not;B|B|not;A|nothing,B,single-choice,propositional
KMQFCA,26,Not;A/or;or;A;B;and;A;B,A|not;B|nothing|B,nothing,single-choice,propositional
KMQFCA,27,A/or;or;A;B;and;A;B,nothing|not;A|B|not;B,nothing,single-choice,propositional
UKCQTE,28,B/if;A;B,A|not;B|not;A|nothing,nothing,single-choice,propositional
PEJCFM,21,Not;A/iff;A;B,not;B|B|nothing|A,not;B,single-choice,propositional
PEJCFM,22,B/or;or;A;B;and;A;B,not;A|nothing|not;B|A,nothing,single-choice,propositional
UKCQTE,29,Not;A/iff;A;B,A|B|nothing|not;B,not;B,single-choice,propositional
KMQFCA,28,Not;A/if;A;B,not;B|B|A|nothing,not;B,single-choice,propositional
UKCQTE,30,Not;A/or;A;B/not;and;A;B,B|A|nothing|not;B,B,single-choice,propositional
KMQFCA,29,B/or;A;B/not;and;A;B,nothing|not;B|A|not;A,A,single-choice,propositional
PEJCFM,23,Not;B/iff;A;B,A|not;A|nothing|B,not;A,single-choice,propositional
UKCQTE,31,A/if;A;B,not;B|B|not;A|nothing,nothing,single-choice,propositional
PEJCFM,24,Not;A/or;A;B/not;and;A;B,nothing|B|A|not;B,B,single-choice,propositional
KMQFCA,30,Not;A/or;A;B/not;and;A;B,not;B|B|A|nothing,nothing,single-choice,propositional
PEJCFM,25,Not;B/if;A;B,not;A|nothing|B|A,nothing,single-choice,propositional
PEJCFM,26,A/or;or;A;B;and;A;B,B|nothing|not;A|not;B,nothing,single-choice,propositional
PEJCFM,27,Not;A/or;A;B/not;and;A;B,B|not;B|nothing|A,B,single-choice,propositional
TWIYQZ,0,B/or;A;B/not;and;A;B,not;B|A|not;A|nothing,not;A,single-choice,propositional
PEJCFM,28,A/if;A;B,not;A|B|not;B|nothing,B,single-choice,propositional
PEJCFM,29,B/or;A;B/not;and;A;B,nothing|not;B|A|not;A,not;A,single-choice,propositional
PEJCFM,30,Not;A/if;A;B,A|not;B|B|nothing,nothing,single-choice,propositional
PEJCFM,31,B/or;or;A;B;and;A;B,A|not;A|not;B|nothing,nothing,single-choice,propositional
TWIYQZ,1,Not;B/if;A;B,B|not;A|A|nothing,not;A,single-choice,propositional
TWIYQZ,2,B/iff;A;B,nothing|not;A|not;B|A,A,single-choice,propositional
TWIYQZ,3,Not;B/iff;A;B,B|A|nothing|not;A,not;A,single-choice,propositional
CXTFZU,0,Not;A/or;or;A;B;and;A;B,A|B|nothing|not;B,B,single-choice,propositional
TWIYQZ,4,A/iff;A;B,not;A|not;B|nothing|B,B,single-choice,propositional
CXTFZU,1,Not;A/iff;A;B,not;B|B|nothing|A,not;B,single-choice,propositional
TWIYQZ,5,B/or;or;A;B;and;A;B,not;B|not;A|nothing|A,nothing,single-choice,propositional
CXTFZU,2,Not;A/if;A;B,not;B|A|nothing|B,nothing,single-choice,propositional
CXTFZU,3,A/if;A;B,not;B|not;A|nothing|B,B,single-choice,propositional
TWIYQZ,6,Not;A/if;A;B,A|B|not;B|nothing,nothing,single-choice,propositional
CXTFZU,4,B/or;A;B/not;and;A;B,not;B|nothing|A|not;A,not;A,single-choice,propositional
YBXKAJ,0,A/iff;A;B,not;B|B|not;A|nothing,B,single-choice,propositional
TWIYQZ,7,Not;B/or;or;A;B;and;A;B,nothing|A|not;A|B,A,single-choice,propositional
TWIYQZ,8,A/if;A;B,not;A|not;B|B|nothing,B,single-choice,propositional
YBXKAJ,1,B/or;or;A;B;and;A;B,A|not;A|nothing|not;B,not;A,single-choice,propositional
CXTFZU,5,Not;B/if;A;B,B|not;A|nothing|A,nothing,single-choice,propositional
CXTFZU,6,Not;A/if;A;B,not;B|A|B|nothing,nothing,single-choice,propositional
TWIYQZ,9,A/or;or;A;B;and;A;B,not;A|nothing|not;B|B,nothing,single-choice,propositional
YBXKAJ,2,Not;A/or;or;A;B;and;A;B,not;B|nothing|B|A,B,single-choice,propositional
TWIYQZ,10,Not;B/if;A;B,B|nothing|not;A|A,not;A,single-choice,propositional
RQQAXA,0,A/if;A;B,B|not;A|not;B|nothing,B,single-choice,propositional
YBXKAJ,3,A/or;or;A;B;and;A;B,not;B|not;A|nothing|B,nothing,single-choice,propositional
TWIYQZ,11,Not;A/or;or;A;B;and;A;B,not;B|nothing|A|B,B,single-choice,propositional
CXTFZU,7,Not;B/iff;A;B,nothing|A|B|not;A,not;A,single-choice,propositional
YBXKAJ,4,A/or;or;A;B;and;A;B,not;B|nothing|not;A|B,nothing,single-choice,propositional
RQQAXA,1,Not;B/or;or;A;B;and;A;B,B|nothing|not;A|A,A,single-choice,propositional
CXTFZU,8,B/or;or;A;B;and;A;B,A|not;B|not;A|nothing,nothing,single-choice,propositional
YBXKAJ,5,B/or;or;A;B;and;A;B,not;B|A|nothing|not;A,nothing,single-choice,propositional
RQQAXA,2,Not;A/or;or;A;B;and;A;B,B|not;B|A|nothing,B,single-choice,propositional
CXTFZU,9,B/iff;A;B,not;A|nothing|A|not;B,A,single-choice,propositional
RQQAXA,3,B/if;A;B,not;B|nothing|not;A|A,nothing,single-choice,propositional
TWIYQZ,12,Not;B/or;A;B/not;and;A;B,A|not;A|nothing|B,A,single-choice,propositional
CXTFZU,10,B/if;A;B,not;B|not;A|A|nothing,nothing,single-choice,propositional
YBXKAJ,6,Not;A/if;A;B,B|not;B|nothing|A,nothing,single-choice,propositional
CXTFZU,11,Not;B/or;or;A;B;and;A;B,not;A|nothing|A|B,A,single-choice,propositional
RQQAXA,4,Not;A/if;A;B,not;B|A|B|nothing,nothing,single-choice,propositional
CXTFZU,12,A/or;A;B/not;and;A;B,not;B|nothing|B|not;A,not;B,single-choice,propositional
ZIJXXW,0,B/or;or;A;B;and;A;B,not;A|not;B|A|nothing,A,single-choice,propositional
YBXKAJ,7,Not;B/if;A;B,nothing|B|A|not;A,nothing,single-choice,propositional
RQQAXA,5,Not;B/or;A;B/not;and;A;B,not;A|B|A|nothing,A,single-choice,propositional
CXTFZU,13,Not;A/or;A;B/not;and;A;B,A|nothing|not;B|B,B,single-choice,propositional
ZIJXXW,1,Not;A/or;A;B/not;and;A;B,B|not;B|A|nothing,B,single-choice,propositional
YBXKAJ,8,B/iff;A;B,A|not;B|not;A|nothing,A,single-choice,propositional
RQQAXA,6,A/iff;A;B,not;A|B|nothing|not;B,B,single-choice,propositional
CXTFZU,14,Not;B/if;A;B,nothing|A|not;A|B,nothing,single-choice,propositional
ZIJXXW,2,A/or;A;B/not;and;A;B,nothing|not;A|B|not;B,not;B,single-choice,propositional
YBXKAJ,9,B/or;A;B/not;and;A;B,not;B|nothing|A|not;A,not;A,single-choice,propositional
TWIYQZ,13,B/if;A;B,not;B|not;A|nothing|A,A,single-choice,propositional
ZIJXXW,3,Not;A/iff;A;B,A|not;B|nothing|B,not;B,single-choice,propositional
RQQAXA,7,Not;B/or;or;A;B;and;A;B,B|A|nothing|not;A,A,single-choice,propositional
YBXKAJ,10,Not;B/or;A;B/not;and;A;B,not;A|nothing|B|A,A,single-choice,propositional
TWIYQZ,14,Not;B/or;A;B/not;and;A;B,not;A|B|nothing|A,A,single-choice,propositional
CXTFZU,15,B/iff;A;B,not;A|not;B|nothing|A,A,single-choice,propositional
ZIJXXW,4,Not;A/or;A;B/not;and;A;B,A|not;B|nothing|B,B,single-choice,propositional
TWIYQZ,15,B/or;A;B/not;and;A;B,A|not;A|nothing|not;B,not;A,single-choice,propositional
CXTFZU,16,Not;A/or;or;A;B;and;A;B,A|nothing|B|not;B,B,single-choice,propositional
RQQAXA,8,B/or;or;A;B;and;A;B,A|nothing|not;B|not;A,nothing,single-choice,propositional
TWIYQZ,16,B/iff;A;B,nothing|A|not;B|not;A,A,single-choice,propositional
ZIJXXW,5,Not;B/if;A;B,nothing|A|not;A|B,not;A,single-choice,propositional
YBXKAJ,11,B/if;A;B,not;B|A|not;A|nothing,A,single-choice,propositional
RQQAXA,9,Not;B/if;A;B,nothing|A|not;A|B,not;A,single-choice,propositional
CXTFZU,17,A/or;or;A;B;and;A;B,not;B|B|not;A|nothing,nothing,single-choice,propositional
RQQAXA,10,Not;B/or;A;B/not;and;A;B,A|nothing|not;A|B,A,single-choice,propositional
ZIJXXW,6,Not;B/if;A;B,A|not;A|B|nothing,not;A,single-choice,propositional
TWIYQZ,17,A/iff;A;B,not;B|not;A|nothing|B,B,single-choice,propositional
CXTFZU,18,Not;A/iff;A;B,nothing|not;B|A|B,not;B,single-choice,propositional
YBXKAJ,12,Not;B/iff;A;B,nothing|not;A|B|A,nothing,single-choice,propositional
ZIJXXW,7,A/iff;A;B,B|not;A|nothing|not;B,B,single-choice,propositional
TWIYQZ,18,Not;A/or;A;B/not;and;A;B,nothing|not;B|B|A,B,single-choice,propositional
CXTFZU,19,B/if;A;B,nothing|A|not;A|not;B,nothing,single-choice,propositional
RQQAXA,11,A/or;or;A;B;and;A;B,not;A|nothing|B|not;B,nothing,single-choice,propositional
YBXKAJ,13,Not;A/or;A;B/not;and;A;B,not;B|A|B|nothing,B,single-choice,propositional
ZIJXXW,8,Not;B/or;A;B/not;and;A;B,A|B|nothing|not;A,A,single-choice,propositional
CXTFZU,20,Not;A/or;A;B/not;and;A;B,nothing|A|B|not;B,B,single-choice,propositional
YBXKAJ,14,A/or;A;B/not;and;A;B,not;B|not;A|nothing|B,not;B,single-choice,propositional
RQQAXA,12,Not;B/iff;A;B,A|B|nothing|not;A,nothing,single-choice,propositional
CXTFZU,21,A/or;or;A;B;and;A;B,not;B|nothing|not;A|B,nothing,single-choice,propositional
YBXKAJ,15,A/if;A;B,not;A|nothing|not;B|B,B,single-choice,propositional
ZIJXXW,9,Not;B/iff;A;B,nothing|B|A|not;A,not;A,single-choice,propositional
TWIYQZ,19,Not;B/or;or;A;B;and;A;B,B|A|not;A|nothing,A,single-choice,propositional
RQQAXA,13,A/if;A;B,nothing|not;A|not;B|B,B,single-choice,propositional
CXTFZU,22,B/or;or;A;B;and;A;B,not;B|nothing|A|not;A,nothing,single-choice,propositional
ZIJXXW,10,B/iff;A;B,not;B|nothing|A|not;A,A,single-choice,propositional
RQQAXA,14,Not;A/iff;A;B,A|nothing|not;B|B,not;B,single-choice,propositional
YBXKAJ,16,Not;B/if;A;B,A|nothing|B|not;A,nothing,single-choice,propositional
TWIYQZ,20,B/if;A;B,A|not;B|not;A|nothing,A,single-choice,propositional
ZIJXXW,11,B/iff;A;B,not;B|not;A|nothing|A,A,single-choice,propositional
CXTFZU,23,A/iff;A;B,not;A|not;B|nothing|B,B,single-choice,propositional
ZIJXXW,12,Not;A/if;A;B,not;B|nothing|B|A,not;B,single-choice,propositional
YBXKAJ,17,A/or;A;B/not;and;A;B,B|not;B|nothing|not;A,not;B,single-choice,propositional
CXTFZU,24,B/or;A;B/not;and;A;B,not;B|nothing|A|not;A,not;A,single-choice,propositional
RQQAXA,15,A/iff;A;B,not;B|nothing|not;A|B,B,single-choice,propositional
TWIYQZ,21,Not;B/iff;A;B,not;A|A|B|nothing,not;A,single-choice,propositional
ZIJXXW,13,B/or;A;B/not;and;A;B,nothing|not;A|not;B|A,not;A,single-choice,propositional
CXTFZU,25,A/if;A;B,nothing|not;A|B|not;B,B,single-choice,propositional
RQQAXA,16,Not;A/iff;A;B,A|nothing|not;B|B,not;B,single-choice,propositional
YBXKAJ,18,B/iff;A;B,A|not;A|nothing|not;B,A,single-choice,propositional
TWIYQZ,22,A/or;A;B/not;and;A;B,not;B|not;A|B|nothing,not;B,single-choice,propositional
CXTFZU,26,Not;B/or;A;B/not;and;A;B,B|A|nothing|not;A,A,single-choice,propositional
RQQAXA,17,B/or;A;B/not;and;A;B,nothing|not;A|not;B|A,not;A,single-choice,propositional
CXTFZU,27,A/iff;A;B,B|not;B|not;A|nothing,B,single-choice,propositional
YBXKAJ,19,Not;B/or;or;A;B;and;A;B,A|not;A|B|nothing,A,single-choice,propositional
ZIJXXW,14,Not;A/or;or;A;B;and;A;B,A|B|nothing|not;B,B,single-choice,propositional
RQQAXA,19,A/or;A;B/not;and;A;B,not;B|nothing|B|not;A,not;B,single-choice,propositional
TWIYQZ,23,A/or;or;A;B;and;A;B,B|not;B|not;A|nothing,nothing,single-choice,propositional
CXTFZU,28,Not;B/iff;A;B,nothing|A|not;A|B,not;A,single-choice,propositional
YBXKAJ,20,Not;A/iff;A;B,nothing|not;B|A|B,not;B,single-choice,propositional
ZIJXXW,15,B/or;A;B/not;and;A;B,nothing|not;A|A|not;B,not;A,single-choice,propositional
CXTFZU,29,A/or;A;B/not;and;A;B,B|nothing|not;A|not;B,not;B,single-choice,propositional
RQQAXA,20,Not;B/if;A;B,not;A|B|nothing|A,not;A,single-choice,propositional
TWIYQZ,24,Not;A/or;or;A;B;and;A;B,not;B|A|nothing|B,B,single-choice,propositional
YBXKAJ,21,B/or;A;B/not;and;A;B,not;B|nothing|A|not;A,not;A,single-choice,propositional
CXTFZU,30,Not;B/or;or;A;B;and;A;B,nothing|A|B|not;A,A,single-choice,propositional
TWIYQZ,25,Not;A/or;A;B/not;and;A;B,nothing|B|A|not;B,B,single-choice,propositional
RQQAXA,21,Not;A/or;or;A;B;and;A;B,nothing|A|B|not;B,B,single-choice,propositional
ZIJXXW,16,A/or;or;A;B;and;A;B,not;B|nothing|not;A|B,B,single-choice,propositional
RQQAXA,22,A/or;A;B/not;and;A;B,not;B|B|nothing|not;A,not;B,single-choice,propositional
YBXKAJ,22,Not;A/if;A;B,nothing|not;B|B|A,nothing,single-choice,propositional
ZIJXXW,17,A/iff;A;B,nothing|B|not;B|not;A,B,single-choice,propositional
TWIYQZ,26,Not;A/iff;A;B,nothing|B|A|not;B,not;B,single-choice,propositional
YBXKAJ,23,Not;B/or;A;B/not;and;A;B,A|nothing|B|not;A,A,single-choice,propositional
ZIJXXW,18,Not;B/or;A;B/not;and;A;B,B|A|nothing|not;A,A,single-choice,propositional
RQQAXA,23,B/if;A;B,not;A|A|nothing|not;B,nothing,single-choice,propositional
TWIYQZ,27,A/or;A;B/not;and;A;B,B|not;A|nothing|not;B,not;B,single-choice,propositional
RQQAXA,24,A/or;or;A;B;and;A;B,not;A|not;B|nothing|B,nothing,single-choice,propositional
YBXKAJ,24,A/iff;A;B,not;B|nothing|B|not;A,B,single-choice,propositional
TWIYQZ,28,A/if;A;B,B|nothing|not;A|not;B,B,single-choice,propositional
ZIJXXW,19,Not;A/or;or;A;B;and;A;B,nothing|not;B|B|A,B,single-choice,propositional
RQQAXA,25,B/or;or;A;B;and;A;B,A|not;B|nothing|not;A,nothing,single-choice,propositional
TWIYQZ,29,Not;A/iff;A;B,A|B|nothing|not;B,not;B,single-choice,propositional
RQQAXA,26,B/iff;A;B,not;A|A|not;B|nothing,A,single-choice,propositional
ZIJXXW,20,B/if;A;B,A|not;B|nothing|not;A,A,single-choice,propositional
YBXKAJ,25,Not;B/iff;A;B,nothing|not;A|A|B,nothing,single-choice,propositional
TWIYQZ,30,B/or;or;A;B;and;A;B,nothing|not;B|not;A|A,nothing,single-choice,propositional
RQQAXA,27,Not;A/or;A;B/not;and;A;B,A|nothing|not;B|B,B,single-choice,propositional
YBXKAJ,26,A/if;A;B,not;B|not;A|B|nothing,B,single-choice,propositional
RQQAXA,28,Not;A/if;A;B,nothing|A|not;B|B,nothing,single-choice,propositional
YBXKAJ,27,Not;A/iff;A;B,not;B|nothing|B|A,not;B,single-choice,propositional
ZIJXXW,21,A/or;or;A;B;and;A;B,nothing|not;A|B|not;B,B,single-choice,propositional
TWIYQZ,31,Not;A/if;A;B,B|A|nothing|not;B,not;B,single-choice,propositional
YBXKAJ,28,Not;A/or;or;A;B;and;A;B,nothing|not;B|A|B,B,single-choice,propositional
RQQAXA,29,Not;B/iff;A;B,B|not;A|nothing|A,not;A,single-choice,propositional
ZIJXXW,22,Not;B/or;or;A;B;and;A;B,A|B|not;A|nothing,A,single-choice,propositional
YBXKAJ,29,Not;B/or;or;A;B;and;A;B,not;A|B|nothing|A,A,single-choice,propositional
ZIJXXW,23,A/if;A;B,B|not;B|nothing|not;A,B,single-choice,propositional
RQQAXA,31,B/or;A;B/not;and;A;B,nothing|not;A|not;B|A,not;A,single-choice,propositional
YBXKAJ,30,Not;A/or;A;B/not;and;A;B,not;B|nothing|A|B,A,single-choice,propositional
YBXKAJ,31,B/if;A;B,not;A|not;B|nothing|A,nothing,single-choice,propositional
ZIJXXW,24,Not;B/iff;A;B,nothing|A|not;A|B,not;A,single-choice,propositional
ZIJXXW,25,B/or;or;A;B;and;A;B,not;A|not;B|A|nothing,nothing,single-choice,propositional
ZIJXXW,26,Not;B/or;or;A;B;and;A;B,A|B|nothing|not;A,A,single-choice,propositional
ZIJXXW,27,Not;A/iff;A;B,B|A|not;B|nothing,not;B,single-choice,propositional
ZIJXXW,28,A/if;A;B,not;A|B|not;B|nothing,B,single-choice,propositional
ZIJXXW,29,Not;A/if;A;B,not;B|nothing|A|B,not;B,single-choice,propositional
ZIJXXW,30,B/if;A;B,not;A|nothing|not;B|A,A,single-choice,propositional
ZIJXXW,31,A/or;A;B/not;and;A;B,nothing|not;B|B|not;A,not;B,single-choice,propositional
OXIHJQ,0,A/iff;A;B,B|not;B|not;A|nothing,B,single-choice,propositional
OXIHJQ,1,A/if;A;B,B|not;A|not;B|nothing,B,single-choice,propositional
OXIHJQ,2,Not;B/if;A;B,B|not;A|A|nothing,not;A,single-choice,propositional
OXIHJQ,3,Not;A/or;or;A;B;and;A;B,not;B|nothing|B|A,nothing,single-choice,propositional
OXIHJQ,4,Not;A/if;A;B,not;B|A|nothing|B,not;B,single-choice,propositional
OXIHJQ,5,B/if;A;B,nothing|not;A|A|not;B,A,single-choice,propositional
OXIHJQ,6,A/iff;A;B,not;A|not;B|nothing|B,B,single-choice,propositional
OXIHJQ,7,B/or;A;B/not;and;A;B,not;B|nothing|not;A|A,A,single-choice,propositional
OXIHJQ,8,B/or;or;A;B;and;A;B,nothing|A|not;A|not;B,A,single-choice,propositional
EXNNSC,0,Not;B/or;A;B/not;and;A;B,nothing|not;A|B|A,A,single-choice,propositional
OXIHJQ,9,A/if;A;B,not;A|nothing|not;B|B,B,single-choice,propositional
OXIHJQ,10,Not;A/if;A;B,A|nothing|not;B|B,not;B,single-choice,propositional
OXIHJQ,11,Not;A/iff;A;B,not;B|A|B|nothing,not;B,single-choice,propositional
EXNNSC,1,Not;A/if;A;B,not;B|B|A|nothing,not;B,single-choice,propositional
OXIHJQ,12,A/or;or;A;B;and;A;B,nothing|not;A|not;B|B,B,single-choice,propositional
EXNNSC,2,B/or;A;B/not;and;A;B,not;A|nothing|A|not;B,not;A,single-choice,propositional
OXIHJQ,13,Not;B/or;A;B/not;and;A;B,B|not;A|nothing|A,A,single-choice,propositional
EXNNSC,3,B/iff;A;B,nothing|A|not;A|not;B,A,single-choice,propositional
OXIHJQ,14,A/or;A;B/not;and;A;B,B|nothing|not;B|not;A,not;B,single-choice,propositional
EXNNSC,4,Not;A/or;or;A;B;and;A;B,nothing|not;B|B|A,nothing,single-choice,propositional
OXIHJQ,15,B/or;or;A;B;and;A;B,not;B|not;A|nothing|A,A,single-choice,propositional
EXNNSC,5,B/if;A;B,nothing|not;A|not;B|A,nothing,single-choice,propositional
OXIHJQ,16,Not;A/or;A;B/not;and;A;B,nothing|A|B|not;B,B,single-choice,propositional
EXNNSC,6,A/iff;A;B,not;B|not;A|B|nothing,B,single-choice,propositional
OXIHJQ,17,B/iff;A;B,A|not;A|nothing|not;B,A,single-choice,propositional
EXNNSC,7,A/or;or;A;B;and;A;B,nothing|not;A|B|not;B,B,single-choice,propositional
OXIHJQ,18,Not;B/if;A;B,nothing|B|A|not;A,not;A,single-choice,propositional
EXNNSC,8,B/iff;A;B,not;A|nothing|not;B|A,A,single-choice,propositional
OXIHJQ,19,Not;A/or;A;B/not;and;A;B,nothing|not;B|A|B,B,single-choice,propositional
EXNNSC,9,Not;B/if;A;B,nothing|A|B|not;A,nothing,single-choice,propositional
EXNNSC,10,Not;B/or;A;B/not;and;A;B,not;A|B|nothing|A,nothing,single-choice,propositional
OXIHJQ,20,Not;A/or;or;A;B;and;A;B,B|A|not;B|nothing,B,single-choice,propositional
EXNNSC,11,A/if;A;B,B|not;B|not;A|nothing,B,single-choice,propositional
OXIHJQ,21,Not;B/iff;A;B,B|A|not;A|nothing,not;A,single-choice,propositional
EXNNSC,12,Not;B/or;or;A;B;and;A;B,B|A|not;A|nothing,nothing,single-choice,propositional
OXIHJQ,22,B/iff;A;B,nothing|not;B|not;A|A,A,single-choice,propositional
EXNNSC,13,Not;A/if;A;B,not;B|nothing|A|B,not;B,single-choice,propositional
EXNNSC,14,A/iff;A;B,B|not;A|not;B|nothing,B,single-choice,propositional
OXIHJQ,23,Not;B/or;or;A;B;and;A;B,nothing|B|not;A|A,nothing,single-choice,propositional
EXNNSC,15,Not;A/iff;A;B,nothing|A|not;B|B,not;B,single-choice,propositional
OXIHJQ,24,B/if;A;B,nothing|not;B|A|not;A,A,single-choice,propositional
EXNNSC,16,Not;A/or;or;A;B;and;A;B,not;B|nothing|B|A,nothing,single-choice,propositional
OXIHJQ,25,Not;B/or;A;B/not;and;A;B,B|not;A|A|nothing,A,single-choice,propositional
EXNNSC,17,B/or;A;B/not;and;A;B,not;A|not;B|nothing|A,not;A,single-choice,propositional
OXIHJQ,26,Not;B/iff;A;B,not;A|A|nothing|B,not;A,single-choice,propositional
EXNNSC,18,A/if;A;B,not;B|B|not;A|nothing,B,single-choice,propositional
OXIHJQ,27,B/or;A;B/not;and;A;B,A|not;B|not;A|nothing,not;A,single-choice,propositional
EXNNSC,19,A/or;or;A;B;and;A;B,nothing|not;B|not;A|B,nothing,single-choice,propositional
OXIHJQ,28,A/or;A;B/not;and;A;B,B|not;A|not;B|nothing,not;B,single-choice,propositional
EXNNSC,20,B/or;or;A;B;and;A;B,A|not;A|not;B|nothing,nothing,single-choice,propositional
EXNNSC,21,A/or;A;B/not;and;A;B,not;A|B|not;B|nothing,nothing,single-choice,propositional
OXIHJQ,29,Not;B/or;or;A;B;and;A;B,B|not;A|nothing|A,nothing,single-choice,propositional
EXNNSC,22,B/or;or;A;B;and;A;B,not;B|nothing|not;A|A,nothing,single-choice,propositional
OXIHJQ,30,Not;A/iff;A;B,not;B|A|nothing|B,not;B,single-choice,propositional
EXNNSC,23,Not;A/iff;A;B,not;B|nothing|B|A,not;B,single-choice,propositional
OXIHJQ,31,A/or;or;A;B;and;A;B,not;B|nothing|not;A|B,nothing,single-choice,propositional
EXNNSC,24,A/or;A;B/not;and;A;B,B|nothing|not;A|not;B,not;B,single-choice,propositional
EXNNSC,25,Not;B/iff;A;B,not;A|A|nothing|B,not;A,single-choice,propositional
EXNNSC,26,B/if;A;B,not;A|not;B|nothing|A,nothing,single-choice,propositional
EXNNSC,27,Not;B/or;or;A;B;and;A;B,not;A|B|nothing|A,A,single-choice,propositional
EXNNSC,28,Not;B/if;A;B,nothing|A|B|not;A,nothing,single-choice,propositional
EXNNSC,29,Not;B/iff;A;B,A|nothing|B|not;A,not;A,single-choice,propositional
EXNNSC,30,Not;A/or;A;B/not;and;A;B,not;B|nothing|B|A,B,single-choice,propositional
EXNNSC,31,Not;A/or;A;B/not;and;A;B,not;B|A|B|nothing,B,single-choice,propositional
XUCPSM,0,Not;B/or;A;B/not;and;A;B,not;A|B|A|nothing,nothing,single-choice,propositional
XUCPSM,1,Not;A/or;A;B/not;and;A;B,B|not;B|A|nothing,not;B,single-choice,propositional
XUCPSM,2,Not;A/or;A;B/not;and;A;B,not;B|A|B|nothing,not;B,single-choice,propositional
XUCPSM,3,Not;A/or;or;A;B;and;A;B,B|not;B|nothing|A,nothing,single-choice,propositional
XUCPSM,4,A/or;or;A;B;and;A;B,B|not;B|not;A|nothing,B,single-choice,propositional
XUCPSM,5,B/iff;A;B,not;A|nothing|A|not;B,not;B,single-choice,propositional
XUCPSM,6,A/iff;A;B,not;B|B|nothing|not;A,B,single-choice,propositional
XUCPSM,7,B/or;or;A;B;and;A;B,not;B|A|not;A|nothing,not;A,single-choice,propositional
XUCPSM,8,Not;B/if;A;B,B|A|nothing|not;A,not;A,single-choice,propositional
XUCPSM,9,B/or;A;B/not;and;A;B,not;A|not;B|A|nothing,not;B,single-choice,propositional
XUCPSM,10,B/iff;A;B,A|not;B|nothing|not;A,nothing,single-choice,propositional
XUCPSM,11,Not;B/or;or;A;B;and;A;B,A|nothing|not;A|B,A,single-choice,propositional
XUCPSM,12,A/or;or;A;B;and;A;B,not;B|not;A|nothing|B,not;A,single-choice,propositional
XUCPSM,13,Not;B/iff;A;B,B|A|nothing|not;A,not;A,single-choice,propositional
XUCPSM,14,Not;A/if;A;B,A|B|not;B|nothing,B,single-choice,propositional
XUCPSM,15,A/if;A;B,nothing|B|not;B|not;A,nothing,single-choice,propositional
XUCPSM,16,B/if;A;B,nothing|not;A|A|not;B,A,single-choice,propositional
XUCPSM,17,B/if;A;B,A|nothing|not;B|not;A,not;A,single-choice,propositional
XUCPSM,18,Not;A/if;A;B,B|not;B|nothing|A,not;B,single-choice,propositional
XUCPSM,19,Not;B/or;or;A;B;and;A;B,not;A|B|nothing|A,not;A,single-choice,propositional
XUCPSM,20,Not;B/or;A;B/not;and;A;B,not;A|B|nothing|A,nothing,single-choice,propositional
XUCPSM,21,B/or;or;A;B;and;A;B,not;B|not;A|A|nothing,not;A,single-choice,propositional
XUCPSM,22,Not;A/iff;A;B,not;B|B|nothing|A,not;B,single-choice,propositional
XUCPSM,23,A/if;A;B,not;A|B|nothing|not;B,B,single-choice,propositional
XUCPSM,24,Not;B/if;A;B,not;A|nothing|B|A,nothing,single-choice,propositional
XUCPSM,25,Not;A/or;or;A;B;and;A;B,A|nothing|not;B|B,not;B,single-choice,propositional
XUCPSM,26,A/or;A;B/not;and;A;B,B|not;B|not;A|nothing,nothing,single-choice,propositional
XUCPSM,27,B/or;A;B/not;and;A;B,not;A|not;B|A|nothing,nothing,single-choice,propositional
XUCPSM,28,A/or;A;B/not;and;A;B,not;A|nothing|not;B|B,B,single-choice,propositional
XUCPSM,29,Not;B/iff;A;B,B|not;A|A|nothing,not;A,single-choice,propositional
XUCPSM,30,Not;A/iff;A;B,A|not;B|nothing|B,nothing,single-choice,propositional
XUCPSM,31,A/iff;A;B,not;B|B|not;A|nothing,B,single-choice,propositional
DRAKWE,0,Not;A/if;A;B,not;B|nothing|B|A,not;B,single-choice,propositional
DRAKWE,1,Not;A/iff;A;B,not;B|nothing|A|B,not;B,single-choice,propositional
DRAKWE,2,Not;A/or;A;B/not;and;A;B,not;B|nothing|A|B,B,single-choice,propositional
DRAKWE,3,Not;B/iff;A;B,nothing|not;A|B|A,not;A,single-choice,propositional
DRAKWE,4,Not;B/if;A;B,A|B|not;A|nothing,not;A,single-choice,propositional
DRAKWE,5,Not;B/or;or;A;B;and;A;B,B|A|not;A|nothing,A,single-choice,propositional
DRAKWE,6,A/or;A;B/not;and;A;B,B|nothing|not;B|not;A,not;B,single-choice,propositional
DRAKWE,7,Not;A/if;A;B,not;B|A|B|nothing,not;B,single-choice,propositional
DRAKWE,8,B/if;A;B,nothing|not;B|A|not;A,A,single-choice,propositional
DRAKWE,9,Not;B/or;A;B/not;and;A;B,B|not;A|nothing|A,A,single-choice,propositional
GEAJUO,0,B/iff;A;B,not;B|A|not;A|nothing,nothing,single-choice,propositional
DRAKWE,10,Not;B/iff;A;B,A|nothing|not;A|B,not;A,single-choice,propositional
GEAJUO,1,Not;A/or;or;A;B;and;A;B,not;B|B|A|nothing,B,single-choice,propositional
DRAKWE,11,B/or;A;B/not;and;A;B,not;B|nothing|A|not;A,not;A,single-choice,propositional
GEAJUO,2,A/iff;A;B,not;A|B|nothing|not;B,B,single-choice,propositional
DRAKWE,12,Not;A/or;or;A;B;and;A;B,not;B|A|B|nothing,B,single-choice,propositional
GEAJUO,3,B/if;A;B,not;A|A|not;B|nothing,nothing,single-choice,propositional
DRAKWE,13,A/iff;A;B,not;A|B|nothing|not;B,B,single-choice,propositional
GEAJUO,4,B/or;A;B/not;and;A;B,not;A|not;B|A|nothing,not;A,single-choice,propositional
GEAJUO,5,B/iff;A;B,not;B|not;A|A|nothing,nothing,single-choice,propositional
DRAKWE,14,A/or;or;A;B;and;A;B,not;B|not;A|nothing|B,B,single-choice,propositional
DRAKWE,15,A/or;or;A;B;and;A;B,not;B|B|nothing|not;A,B,single-choice,propositional
GEAJUO,6,Not;A/iff;A;B,A|nothing|not;B|B,not;B,single-choice,propositional
DRAKWE,16,Not;B/if;A;B,not;A|A|B|nothing,not;A,single-choice,propositional
GEAJUO,7,B/or;or;A;B;and;A;B,not;A|A|nothing|not;B,nothing,single-choice,propositional
DRAKWE,17,Not;A/iff;A;B,A|not;B|B|nothing,not;B,single-choice,propositional
GEAJUO,8,A/or;A;B/not;and;A;B,nothing|not;A|B|not;B,not;B,single-choice,propositional
GEAJUO,9,Not;A/if;A;B,A|B|nothing|not;B,not;B,single-choice,propositional
DRAKWE,18,B/if;A;B,A|nothing|not;B|not;A,A,single-choice,propositional
GEAJUO,10,Not;A/or;A;B/not;and;A;B,not;B|B|A|nothing,B,single-choice,propositional
DRAKWE,19,B/or;or;A;B;and;A;B,not;B|nothing|A|not;A,A,single-choice,propositional
GEAJUO,11,Not;A/or;A;B/not;and;A;B,not;B|nothing|B|A,B,single-choice,propositional
DRAKWE,20,Not;B/or;or;A;B;and;A;B,not;A|A|nothing|B,not;A,single-choice,propositional
GEAJUO,12,Not;B/or;or;A;B;and;A;B,not;A|B|A|nothing,A,single-choice,propositional
DRAKWE,21,B/or;or;A;B;and;A;B,not;A|A|nothing|not;B,A,single-choice,propositional
GEAJUO,13,Not;B/or;A;B/not;and;A;B,A|B|nothing|not;A,A,single-choice,propositional
GEAJUO,14,Not;A/iff;A;B,A|B|nothing|not;B,not;B,single-choice,propositional
DRAKWE,22,B/iff;A;B,nothing|not;B|A|not;A,A,single-choice,propositional
GEAJUO,15,B/if;A;B,A|not;A|nothing|not;B,nothing,single-choice,propositional
GEAJUO,16,Not;A/or;or;A;B;and;A;B,nothing|B|not;B|A,B,single-choice,propositional
DRAKWE,23,A/if;A;B,B|not;B|nothing|not;A,B,single-choice,propositional
DRAKWE,24,A/or;A;B/not;and;A;B,nothing|not;A|not;B|B,not;B,single-choice,propositional
GEAJUO,17,A/or;or;A;B;and;A;B,nothing|not;A|not;B|B,nothing,single-choice,propositional
LSJRCA,0,Not;A/if;A;B,A|B|nothing|not;B,nothing,single-choice,propositional
GHWQUF,0,Not;B/or;or;A;B;and;A;B,nothing|A|B|not;A,A,single-choice,propositional
GEAJUO,18,B/or;A;B/not;and;A;B,nothing|not;A|not;B|A,not;A,single-choice,propositional
DRAKWE,25,Not;B/or;A;B/not;and;A;B,A|B|nothing|not;A,A,single-choice,propositional
GEAJUO,19,Not;B/if;A;B,B|A|not;A|nothing,nothing,single-choice,propositional
GEAJUO,20,Not;B/or;A;B/not;and;A;B,B|nothing|not;A|A,A,single-choice,propositional
DRAKWE,26,B/iff;A;B,not;B|not;A|nothing|A,A,single-choice,propositional
GEAJUO,21,B/or;or;A;B;and;A;B,not;A|nothing|not;B|A,nothing,single-choice,propositional
GHWQUF,1,A/or;A;B/not;and;A;B,nothing|not;A|not;B|B,not;B,single-choice,propositional
GEAJUO,22,Not;B/iff;A;B,not;A|B|A|nothing,not;A,single-choice,propositional
DRAKWE,27,Not;A/or;or;A;B;and;A;B,B|nothing|not;B|A,not;B,single-choice,propositional
GEAJUO,23,Not;B/iff;A;B,B|A|nothing|not;A,not;A,single-choice,propositional
LSJRCA,1,B/iff;A;B,not;B|nothing|A|not;A,A,single-choice,propositional
GHWQUF,2,A/or;or;A;B;and;A;B,B|not;B|not;A|nothing,not;B,single-choice,propositional
GEAJUO,24,A/if;A;B,nothing|not;A|B|not;B,B,single-choice,propositional
DRAKWE,28,A/if;A;B,not;A|B|not;B|nothing,B,single-choice,propositional
GEAJUO,25,A/or;A;B/not;and;A;B,not;B|B|not;A|nothing,not;B,single-choice,propositional
LSJRCA,2,A/if;A;B,not;A|not;B|nothing|B,B,single-choice,propositional
GHWQUF,3,B/or;or;A;B;and;A;B,A|nothing|not;A|not;B,not;A,single-choice,propositional
GEAJUO,26,Not;B/or;or;A;B;and;A;B,B|nothing|not;A|A,A,single-choice,propositional
DRAKWE,29,Not;A/or;A;B/not;and;A;B,A|B|nothing|not;B,B,single-choice,propositional
GEAJUO,27,Not;B/if;A;B,A|not;A|nothing|B,nothing,single-choice,propositional
LSJRCA,3,A/or;A;B/not;and;A;B,not;B|nothing|not;A|B,not;B,single-choice,propositional
GEAJUO,28,A/iff;A;B,not;A|B|nothing|not;B,B,single-choice,propositional
DRAKWE,30,A/iff;A;B,not;A|not;B|nothing|B,B,single-choice,propositional
GHWQUF,4,B/iff;A;B,A|not;B|not;A|nothing,A,single-choice,propositional
GEAJUO,29,Not;A/if;A;B,nothing|B|not;B|A,nothing,single-choice,propositional
GEAJUO,30,A/if;A;B,B|not;B|not;A|nothing,B,single-choice,propositional
DRAKWE,31,B/or;A;B/not;and;A;B,nothing|not;A|not;B|A,not;A,single-choice,propositional
GEAJUO,31,A/or;or;A;B;and;A;B,B|not;A|not;B|nothing,nothing,single-choice,propositional
LSJRCA,4,Not;B/iff;A;B,not;A|nothing|B|A,not;A,single-choice,propositional
XLICAY,0,Not;B/iff;A;B,nothing|not;A|B|A,not;A,single-choice,propositional
LSJRCA,5,Not;A/iff;A;B,nothing|B|not;B|A,not;B,single-choice,propositional
LSJRCA,6,B/or;A;B/not;and;A;B,nothing|not;B|not;A|A,not;A,single-choice,propositional
XLICAY,1,Not;A/or;or;A;B;and;A;B,not;B|nothing|A|B,B,single-choice,propositional
LSJRCA,7,A/or;A;B/not;and;A;B,B|not;B|nothing|not;A,not;B,single-choice,propositional
GHWQUF,5,A/or;A;B/not;and;A;B,nothing|not;A|B|not;B,not;B,single-choice,propositional
XLICAY,2,Not;A/or;A;B/not;and;A;B,A|B|nothing|not;B,B,single-choice,propositional
LSJRCA,8,B/iff;A;B,not;A|not;B|nothing|A,A,single-choice,propositional
GHWQUF,6,B/or;or;A;B;and;A;B,not;B|A|nothing|not;A,A,single-choice,propositional
LSJRCA,9,Not;A/or;A;B/not;and;A;B,A|nothing|not;B|B,B,single-choice,propositional
XLICAY,3,Not;A/or;or;A;B;and;A;B,nothing|not;B|A|B,B,single-choice,propositional
LSJRCA,10,A/if;A;B,nothing|not;B|B|not;A,B,single-choice,propositional
GHWQUF,7,Not;B/or;A;B/not;and;A;B,nothing|A|B|not;A,not;A,single-choice,propositional
XLICAY,4,B/or;or;A;B;and;A;B,not;B|nothing|A|not;A,A,single-choice,propositional
LSJRCA,11,A/iff;A;B,B|nothing|not;A|not;B,B,single-choice,propositional
RCUVSJ,0,A/if;A;B,B|nothing|not;A|not;B,B,single-choice,propositional
LSJRCA,12,A/or;or;A;B;and;A;B,B|not;A|nothing|not;B,not;B,single-choice,propositional
XLICAY,5,Not;A/iff;A;B,not;B|B|A|nothing,not;B,single-choice,propositional
GHWQUF,8,Not;A/or;or;A;B;and;A;B,not;B|B|nothing|A,B,single-choice,propositional
RCUVSJ,1,B/or;or;A;B;and;A;B,A|not;B|nothing|not;A,A,single-choice,propositional
LSJRCA,13,B/if;A;B,nothing|A|not;B|not;A,nothing,single-choice,propositional
XLICAY,6,Not;B/if;A;B,nothing|A|not;A|B,not;A,single-choice,propositional
RCUVSJ,2,A/iff;A;B,not;B|B|not;A|nothing,B,single-choice,propositional
LSJRCA,14,Not;B/if;A;B,A|nothing|B|not;A,not;A,single-choice,propositional
XLICAY,7,A/or;or;A;B;and;A;B,nothing|B|not;A|not;B,B,single-choice,propositional
RCUVSJ,3,Not;A/if;A;B,B|A|not;B|nothing,not;B,single-choice,propositional
XLICAY,8,B/iff;A;B,A|not;A|nothing|not;B,A,single-choice,propositional
GHWQUF,9,Not;A/if;A;B,not;B|B|nothing|A,not;B,single-choice,propositional
RCUVSJ,4,Not;B/or;or;A;B;and;A;B,A|not;A|B|nothing,nothing,single-choice,propositional
LSJRCA,15,B/if;A;B,not;A|not;B|nothing|A,nothing,single-choice,propositional
RCUVSJ,5,Not;B/iff;A;B,not;A|nothing|B|A,not;A,single-choice,propositional
XLICAY,9,A/or;A;B/not;and;A;B,nothing|B|not;B|not;A,not;B,single-choice,propositional
GHWQUF,10,Not;B/iff;A;B,B|A|not;A|nothing,not;A,single-choice,propositional
LSJRCA,16,Not;A/iff;A;B,B|not;B|A|nothing,not;B,single-choice,propositional
RCUVSJ,6,B/if;A;B,A|nothing|not;B|not;A,A,single-choice,propositional
XLICAY,10,B/or;A;B/not;and;A;B,A|nothing|not;B|not;A,not;A,single-choice,propositional
RCUVSJ,7,A/or;A;B/not;and;A;B,not;A|not;B|nothing|B,not;B,single-choice,propositional
ZAXVGC,0,B/if;A;B,not;B|A|not;A|nothing,A,single-choice,propositional
HYHNYD,0,B/iff;A;B,A|not;B|nothing|not;A,A,single-choice,propositional
XLICAY,11,A/iff;A;B,not;A|not;B|B|nothing,B,single-choice,propositional
LSJRCA,17,Not;B/or;or;A;B;and;A;B,B|A|nothing|not;A,nothing,single-choice,propositional
RCUVSJ,8,Not;B/if;A;B,not;A|A|B|nothing,not;A,single-choice,propositional
HYHNYD,1,A/or;or;A;B;and;A;B,not;A|nothing|not;B|B,nothing,single-choice,propositional
RCUVSJ,9,Not;A/if;A;B,A|nothing|not;B|B,not;B,single-choice,propositional
LSJRCA,18,Not;B/or;or;A;B;and;A;B,nothing|A|B|not;A,nothing,single-choice,propositional
XLICAY,12,Not;B/or;or;A;B;and;A;B,not;A|B|nothing|A,A,single-choice,propositional
HYHNYD,2,A/or;A;B/not;and;A;B,not;B|B|nothing|not;A,nothing,single-choice,propositional
ZAXVGC,1,Not;B/iff;A;B,B|nothing|not;A|A,not;A,single-choice,propositional
RCUVSJ,10,Not;A/or;or;A;B;and;A;B,B|not;B|nothing|A,nothing,single-choice,propositional
XLICAY,13,B/if;A;B,not;B|nothing|A|not;A,A,single-choice,propositional
GHWQUF,11,Not;B/or;A;B/not;and;A;B,B|A|nothing|not;A,A,single-choice,propositional
RCUVSJ,11,Not;B/iff;A;B,A|B|nothing|not;A,not;A,single-choice,propositional
HYHNYD,3,A/or;or;A;B;and;A;B,not;A|nothing|not;B|B,nothing,single-choice,propositional
LSJRCA,19,A/or;or;A;B;and;A;B,B|not;A|not;B|nothing,nothing,single-choice,propositional
XLICAY,14,Not;A/or;A;B/not;and;A;B,A|nothing|not;B|B,B,single-choice,propositional
ZAXVGC,2,A/iff;A;B,nothing|B|not;A|not;B,B,single-choice,propositional
LSJRCA,20,A/iff;A;B,B|not;A|nothing|not;B,B,single-choice,propositional
XLICAY,15,A/if;A;B,not;A|nothing|B|not;B,B,single-choice,propositional
RCUVSJ,13,B/iff;A;B,not;A|A|not;B|nothing,A,single-choice,propositional
ZAXVGC,3,Not;B/iff;A;B,not;A|A|nothing|B,not;A,single-choice,propositional
HYHNYD,4,Not;A/if;A;B,B|A|nothing|not;B,nothing,single-choice,propositional
LSJRCA,21,Not;A/or;or;A;B;and;A;B,not;B|B|nothing|A,nothing,single-choice,propositional
ZAXVGC,4,A/if;A;B,nothing|B|not;B|not;A,B,single-choice,propositional
RCUVSJ,14,Not;A/or;A;B/not;and;A;B,not;B|nothing|B|A,B,single-choice,propositional
GHWQUF,12,B/if;A;B,not;A|A|not;B|nothing,A,single-choice,propositional
XLICAY,16,A/iff;A;B,B|not;A|nothing|not;B,B,single-choice,propositional
LSJRCA,22,Not;A/if;A;B,not;B|A|nothing|B,nothing,single-choice,propositional
RCUVSJ,15,A/if;A;B,B|not;A|nothing|not;B,B,single-choice,propositional
ZAXVGC,5,Not;A/if;A;B,B|nothing|A|not;B,not;B,single-choice,propositional
HYHNYD,5,Not;B/iff;A;B,A|B|nothing|not;A,nothing,single-choice,propositional
XLICAY,17,B/or;A;B/not;and;A;B,not;A|not;B|nothing|A,not;A,single-choice,propositional
LSJRCA,23,Not;A/or;A;B/not;and;A;B,nothing|not;B|B|A,nothing,single-choice,propositional
RCUVSJ,16,Not;B/or;A;B/not;and;A;B,not;A|A|B|nothing,A,single-choice,propositional
ZAXVGC,6,B/or;A;B/not;and;A;B,nothing|A|not;B|not;A,not;A,single-choice,propositional
RCUVSJ,17,Not;A/iff;A;B,B|not;B|A|nothing,not;B,single-choice,propositional
GHWQUF,13,Not;A/if;A;B,B|not;B|A|nothing,not;B,single-choice,propositional
LSJRCA,24,Not;B/iff;A;B,nothing|A|B|not;A,not;A,single-choice,propositional
HYHNYD,6,Not;A/iff;A;B,A|not;B|B|nothing,not;B,single-choice,propositional
XLICAY,18,B/iff;A;B,nothing|not;B|not;A|A,A,single-choice,propositional
ZAXVGC,7,B/if;A;B,A|not;B|nothing|not;A,A,single-choice,propositional
RCUVSJ,18,Not;A/or;A;B/not;and;A;B,A|B|nothing|not;B,B,single-choice,propositional
GHWQUF,14,Not;A/iff;A;B,A|B|not;B|nothing,not;B,single-choice,propositional
HYHNYD,7,Not;A/iff;A;B,not;B|nothing|A|B,not;B,single-choice,propositional
LSJRCA,25,B/or;or;A;B;and;A;B,nothing|not;B|A|not;A,nothing,single-choice,propositional
XLICAY,19,Not;B/iff;A;B,not;A|B|nothing|A,not;A,single-choice,propositional
RCUVSJ,19,B/iff;A;B,A|nothing|not;A|not;B,A,single-choice,propositional
LSJRCA,26,B/or;or;A;B;and;A;B,A|not;A|nothing|not;B,nothing,single-choice,propositional
HYHNYD,8,Not;B/or;A;B/not;and;A;B,not;A|A|B|nothing,A,single-choice,propositional
ZAXVGC,8,A/or;or;A;B;and;A;B,not;A|nothing|not;B|B,nothing,single-choice,propositional
XLICAY,20,Not;B/or;A;B/not;and;A;B,not;A|A|nothing|B,A,single-choice,propositional
RCUVSJ,20,B/or;or;A;B;and;A;B,not;B|not;A|nothing|A,nothing,single-choice,propositional
LSJRCA,27,Not;B/if;A;B,nothing|not;A|A|B,nothing,single-choice,propositional
HYHNYD,9,B/or;A;B/not;and;A;B,not;B|not;A|A|nothing,not;A,single-choice,propositional
RCUVSJ,21,A/or;A;B/not;and;A;B,nothing|B|not;B|not;A,not;B,single-choice,propositional
XLICAY,21,A/or;or;A;B;and;A;B,nothing|not;B|not;A|B,B,single-choice,propositional
HYHNYD,10,Not;A/or;A;B/not;and;A;B,B|not;B|nothing|A,B,single-choice,propositional
RCUVSJ,22,A/iff;A;B,not;A|not;B|nothing|B,B,single-choice,propositional
LSJRCA,28,Not;A/or;or;A;B;and;A;B,A|nothing|not;B|B,nothing,single-choice,propositional
ZAXVGC,9,B/iff;A;B,A|nothing|not;B|not;A,A,single-choice,propositional
RCUVSJ,23,Not;B/or;or;A;B;and;A;B,not;A|A|B|nothing,nothing,single-choice,propositional
XLICAY,22,Not;B/if;A;B,A|B|nothing|not;A,not;A,single-choice,propositional
ZAXVGC,10,Not;A/if;A;B,A|B|not;B|nothing,not;B,single-choice,propositional
HYHNYD,11,Not;A/or;or;A;B;and;A;B,not;B|nothing|B|A,B,single-choice,propositional
GHWQUF,16,A/if;A;B,B|nothing|not;A|not;B,B,single-choice,propositional
RCUVSJ,24,A/or;or;A;B;and;A;B,nothing|not;B|B|not;A,nothing,single-choice,propositional
GHWQUF,17,Not;A/or;or;A;B;and;A;B,not;B|A|B|nothing,B,single-choice,propositional
XLICAY,23,Not;A/if;A;B,A|nothing|B|not;B,not;B,single-choice,propositional
RCUVSJ,25,B/if;A;B,not;A|not;B|nothing|A,A,single-choice,propositional
HYHNYD,12,Not;B/if;A;B,B|nothing|A|not;A,nothing,single-choice,propositional
XLICAY,24,A/or;A;B/not;and;A;B,nothing|B|not;B|not;A,not;B,single-choice,propositional
RCUVSJ,26,B/or;A;B/not;and;A;B,not;B|A|nothing|not;A,not;A,single-choice,propositional
ZAXVGC,11,Not;A/or;or;A;B;and;A;B,B|A|not;B|nothing,nothing,single-choice,propositional
XLICAY,25,Not;A/iff;A;B,not;B|B|A|nothing,not;B,single-choice,propositional
ZAXVGC,12,A/if;A;B,B|not;B|nothing|not;A,B,single-choice,propositional
HYHNYD,13,Not;B/iff;A;B,nothing|not;A|B|A,not;A,single-choice,propositional
RCUVSJ,27,Not;B/if;A;B,not;A|A|nothing|B,not;A,single-choice,propositional
XLICAY,26,Not;B/or;or;A;B;and;A;B,B|not;A|nothing|A,A,single-choice,propositional
ZAXVGC,13,Not;B/or;or;A;B;and;A;B,A|nothing|not;A|B,nothing,single-choice,propositional
HYHNYD,14,Not;A/if;A;B,nothing|B|A|not;B,not;B,single-choice,propositional
RCUVSJ,28,Not;A/iff;A;B,not;B|A|B|nothing,not;B,single-choice,propositional
XLICAY,27,Not;B/or;A;B/not;and;A;B,A|B|nothing|not;A,A,single-choice,propositional
RCUVSJ,29,B/or;A;B/not;and;A;B,not;B|not;A|nothing|A,not;A,single-choice,propositional
HYHNYD,15,Not;B/or;or;A;B;and;A;B,B|nothing|A|not;A,A,single-choice,propositional
ZAXVGC,14,Not;B/or;A;B/not;and;A;B,nothing|B|not;A|A,A,single-choice,propositional
XLICAY,28,B/or;or;A;B;and;A;B,nothing|not;B|not;A|A,A,single-choice,propositional
RCUVSJ,30,A/or;or;A;B;and;A;B,not;B|B|not;A|nothing,nothing,single-choice,propositional
GHWQUF,18,Not;A/or;A;B/not;and;A;B,nothing|B|not;B|A,not;B,single-choice,propositional
HYHNYD,16,B/if;A;B,not;B|A|not;A|nothing,nothing,single-choice,propositional
XLICAY,29,Not;A/if;A;B,not;B|B|nothing|A,not;B,single-choice,propositional
RCUVSJ,31,Not;B/or;A;B/not;and;A;B,nothing|not;A|B|A,A,single-choice,propositional
HYHNYD,17,A/iff;A;B,nothing|not;B|B|not;A,B,single-choice,propositional
ZAXVGC,15,Not;A/iff;A;B,A|B|not;B|nothing,not;B,single-choice,propositional
GHWQUF,19,A/iff;A;B,not;A|nothing|not;B|B,B,single-choice,propositional
XLICAY,30,A/if;A;B,not;A|B|not;B|nothing,B,single-choice,propositional
ZAXVGC,16,Not;A/or;A;B/not;and;A;B,not;B|B|nothing|A,B,single-choice,propositional
HYHNYD,18,Not;A/or;A;B/not;and;A;B,nothing|not;B|B|A,B,single-choice,propositional
ZAXVGC,17,A/or;or;A;B;and;A;B,not;A|not;B|B|nothing,nothing,single-choice,propositional
HYHNYD,19,B/iff;A;B,not;A|not;B|A|nothing,A,single-choice,propositional
HYHNYD,20,B/or;A;B/not;and;A;B,nothing|not;A|A|not;B,not;A,single-choice,propositional
KQGWWZ,0,B/iff;A;B,not;B|not;A|A|nothing,not;A,single-choice,propositional
GHWQUF,20,Not;A/iff;A;B,nothing|not;B|B|A,not;B,single-choice,propositional
ZAXVGC,18,Not;A/or;or;A;B;and;A;B,not;B|A|nothing|B,nothing,single-choice,propositional
GHWQUF,21,B/or;A;B/not;and;A;B,not;A|not;B|nothing|A,not;A,single-choice,propositional
ZAXVGC,19,B/or;A;B/not;and;A;B,nothing|A|not;B|not;A,nothing,single-choice,propositional
KQGWWZ,1,Not;B/if;A;B,A|not;A|nothing|B,not;A,single-choice,propositional
ZAXVGC,20,B/iff;A;B,not;B|A|not;A|nothing,A,single-choice,propositional
HYHNYD,21,B/if;A;B,not;A|nothing|not;B|A,nothing,single-choice,propositional
KQGWWZ,2,Not;A/if;A;B,nothing|B|not;B|A,not;B,single-choice,propositional
GHWQUF,22,B/or;A;B/not;and;A;B,nothing|not;B|A|not;A,not;A,single-choice,propositional
HYHNYD,22,A/if;A;B,not;B|not;A|nothing|B,B,single-choice,propositional
KQGWWZ,3,Not;B/iff;A;B,A|nothing|not;A|B,not;A,single-choice,propositional
HYHNYD,23,A/or;A;B/not;and;A;B,not;B|nothing|not;A|B,not;B,single-choice,propositional
RXPLKG,0,Not;A/or;A;B/not;and;A;B,B|not;B|nothing|A,nothing,single-choice,propositional
KQGWWZ,4,A/iff;A;B,not;B|B|nothing|not;A,B,single-choice,propositional
GHWQUF,23,B/iff;A;B,nothing|A|not;A|not;B,A,single-choice,propositional
RXPLKG,1,B/iff;A;B,not;B|A|nothing|not;A,A,single-choice,propositional
KQGWWZ,5,A/if;A;B,not;B|not;A|B|nothing,B,single-choice,propositional
GHWQUF,24,B/if;A;B,A|not;A|nothing|not;B,A,single-choice,propositional
HYHNYD,24,A/iff;A;B,not;A|B|not;B|nothing,B,single-choice,propositional
ZAXVGC,21,Not;B/or;A;B/not;and;A;B,not;A|nothing|B|A,A,single-choice,propositional
HYHNYD,25,Not;B/or;or;A;B;and;A;B,not;A|A|nothing|B,A,single-choice,propositional
ZAXVGC,22,A/or;A;B/not;and;A;B,not;B|nothing|not;A|B,not;B,single-choice,propositional
KQGWWZ,6,B/or;or;A;B;and;A;B,nothing|A|not;B|not;A,A,single-choice,propositional
RXPLKG,2,Not;B/iff;A;B,A|B|not;A|nothing,nothing,single-choice,propositional
ZAXVGC,23,Not;B/if;A;B,B|not;A|nothing|A,not;A,single-choice,propositional
RXPLKG,3,A/or;A;B/not;and;A;B,not;A|B|nothing|not;B,not;B,single-choice,propositional
HYHNYD,26,Not;B/or;A;B/not;and;A;B,B|A|not;A|nothing,A,single-choice,propositional
KQGWWZ,7,B/if;A;B,not;A|nothing|A|not;B,A,single-choice,propositional
ZAXVGC,24,Not;B/if;A;B,A|B|nothing|not;A,not;A,single-choice,propositional
RXPLKG,4,A/or;A;B/not;and;A;B,not;A|nothing|not;B|B,not;B,single-choice,propositional
HYHNYD,27,B/or;or;A;B;and;A;B,not;A|not;B|A|nothing,nothing,single-choice,propositional
GHWQUF,26,Not;B/if;A;B,B|A|nothing|not;A,not;A,single-choice,propositional
RXPLKG,5,Not;B/if;A;B,A|not;A|B|nothing,not;A,single-choice,propositional
ZAXVGC,25,Not;B/or;or;A;B;and;A;B,B|nothing|A|not;A,nothing,single-choice,propositional
KQGWWZ,8,B/or;A;B/not;and;A;B,not;B|not;A|A|nothing,not;A,single-choice,propositional
HYHNYD,28,A/if;A;B,not;A|nothing|not;B|B,B,single-choice,propositional
ZAXVGC,26,A/or;A;B/not;and;A;B,B|not;A|nothing|not;B,not;B,single-choice,propositional
RXPLKG,6,Not;A/if;A;B,B|nothing|A|not;B,nothing,single-choice,propositional
KQGWWZ,9,B/if;A;B,not;B|not;A|A|nothing,A,single-choice,propositional
RXPLKG,7,A/if;A;B,not;B|nothing|not;A|B,B,single-choice,propositional
HYHNYD,29,B/or;or;A;B;and;A;B,not;B|A|nothing|not;A,nothing,single-choice,propositional
ZAXVGC,27,Not;A/or;A;B/not;and;A;B,B|not;B|A|nothing,B,single-choice,propositional
KQGWWZ,10,Not;A/iff;A;B,A|B|nothing|not;B,not;B,single-choice,propositional
GHWQUF,27,A/iff;A;B,not;B|nothing|not;A|B,B,single-choice,propositional
ZAXVGC,28,B/or;or;A;B;and;A;B,not;A|not;B|nothing|A,nothing,single-choice,propositional
RXPLKG,8,Not;B/or;or;A;B;and;A;B,not;A|A|nothing|B,nothing,single-choice,propositional
HYHNYD,30,Not;A/or;or;A;B;and;A;B,A|B|not;B|nothing,B,single-choice,propositional
RXPLKG,9,Not;A/iff;A;B,nothing|B|A|not;B,not;B,single-choice,propositional
KQGWWZ,11,Not;A/or;or;A;B;and;A;B,A|not;B|nothing|B,not;B,single-choice,propositional
ZAXVGC,29,A/iff;A;B,not;A|not;B|B|nothing,B,single-choice,propositional
ZAXVGC,30,B/or;or;A;B;and;A;B,not;A|nothing|not;B|A,nothing,single-choice,propositional
RXPLKG,10,Not;A/iff;A;B,B|not;B|nothing|A,not;B,single-choice,propositional
RXPLKG,11,B/if;A;B,not;B|nothing|A|not;A,nothing,single-choice,propositional
KQGWWZ,12,Not;B/iff;A;B,A|B|not;A|nothing,A,single-choice,propositional
ZAXVGC,31,Not;A/iff;A;B,not;B|nothing|A|B,not;B,single-choice,propositional
RXPLKG,12,B/or;A;B/not;and;A;B,nothing|not;B|A|not;A,not;A,single-choice,propositional
GHWQUF,28,Not;B/if;A;B,A|nothing|not;A|B,not;A,single-choice,propositional
HYHNYD,31,Not;B/if;A;B,B|nothing|A|not;A,not;A,single-choice,propositional
KQGWWZ,13,Not;B/if;A;B,nothing|B|not;A|A,not;A,single-choice,propositional
RXPLKG,13,Not;A/if;A;B,B|A|not;B|nothing,not;B,single-choice,propositional
KQGWWZ,14,A/or;A;B/not;and;A;B,nothing|not;A|B|not;B,not;B,single-choice,propositional
RXPLKG,14,Not;A/or;or;A;B;and;A;B,nothing|A|B|not;B,nothing,single-choice,propositional
GHWQUF,29,A/or;or;A;B;and;A;B,nothing|B|not;B|not;A,B,single-choice,propositional
RXPLKG,15,Not;B/if;A;B,A|nothing|not;A|B,nothing,single-choice,propositional
GHWQUF,30,Not;B/iff;A;B,nothing|not;A|B|A,not;A,single-choice,propositional
KQGWWZ,15,Not;B/or;or;A;B;and;A;B,not;A|B|nothing|A,A,single-choice,propositional
RXPLKG,16,B/or;A;B/not;and;A;B,nothing|not;A|not;B|A,not;B,single-choice,propositional
RXPLKG,17,Not;B/or;A;B/not;and;A;B,B|not;A|A|nothing,nothing,single-choice,propositional
KQGWWZ,16,Not;B/or;or;A;B;and;A;B,not;A|nothing|B|A,not;A,single-choice,propositional
KQGWWZ,17,A/or;or;A;B;and;A;B,not;B|B|nothing|not;A,not;B,single-choice,propositional
RXPLKG,18,B/iff;A;B,nothing|not;A|A|not;B,A,single-choice,propositional
KQGWWZ,18,Not;B/or;A;B/not;and;A;B,A|nothing|not;A|B,not;A,single-choice,propositional
KQGWWZ,19,Not;A/or;A;B/not;and;A;B,nothing|not;B|A|B,B,single-choice,propositional
KQGWWZ,20,Not;B/or;A;B/not;and;A;B,A|B|nothing|not;A,A,single-choice,propositional
RXPLKG,19,Not;B/or;A;B/not;and;A;B,A|B|nothing|not;A,A,single-choice,propositional
KQGWWZ,21,Not;A/or;or;A;B;and;A;B,B|A|not;B|nothing,not;B,single-choice,propositional
KQGWWZ,22,B/or;or;A;B;and;A;B,not;B|nothing|not;A|A,not;B,single-choice,propositional
KQGWWZ,23,Not;A/iff;A;B,not;B|nothing|A|B,not;B,single-choice,propositional
KQGWWZ,24,B/or;A;B/not;and;A;B,not;A|not;B|A|nothing,A,single-choice,propositional
KQGWWZ,25,A/iff;A;B,not;A|not;B|nothing|B,not;A,single-choice,propositional
KQGWWZ,26,Not;A/if;A;B,not;B|B|nothing|A,not;B,single-choice,propositional
RXPLKG,20,Not;A/or;or;A;B;and;A;B,B|not;B|A|nothing,B,single-choice,propositional
KQGWWZ,27,Not;A/or;A;B/not;and;A;B,A|B|not;B|nothing,not;B,single-choice,propositional
RXPLKG,21,A/iff;A;B,not;B|not;A|B|nothing,B,single-choice,propositional
KQGWWZ,28,A/or;or;A;B;and;A;B,not;B|B|not;A|nothing,B,single-choice,propositional
RXPLKG,22,B/if;A;B,not;B|A|nothing|not;A,A,single-choice,propositional
KQGWWZ,29,A/or;A;B/not;and;A;B,not;A|nothing|B|not;B,not;A,single-choice,propositional
KQGWWZ,30,B/iff;A;B,not;B|not;A|A|nothing,A,single-choice,propositional
KQGWWZ,31,A/if;A;B,not;B|nothing|not;A|B,not;A,single-choice,propositional
RXPLKG,23,B/or;or;A;B;and;A;B,A|not;B|not;A|nothing,nothing,single-choice,propositional
RXPLKG,24,A/or;or;A;B;and;A;B,not;A|not;B|B|nothing,nothing,single-choice,propositional
RXPLKG,25,B/or;or;A;B;and;A;B,not;A|nothing|not;B|A,nothing,single-choice,propositional
RXPLKG,26,A/if;A;B,not;B|nothing|not;A|B,B,single-choice,propositional
RXPLKG,27,A/or;or;A;B;and;A;B,nothing|B|not;B|not;A,nothing,single-choice,propositional
RXPLKG,28,A/iff;A;B,not;B|B|not;A|nothing,B,single-choice,propositional
RXPLKG,29,Not;A/or;A;B/not;and;A;B,nothing|not;B|A|B,B,single-choice,propositional
RXPLKG,30,Not;B/or;or;A;B;and;A;B,A|not;A|nothing|B,A,single-choice,propositional
RXPLKG,31,Not;B/iff;A;B,nothing|B|not;A|A,nothing,single-choice,propositional
DCULRV,0,A/iff;A;B,nothing|not;A|B|not;B,B,single-choice,propositional
DCULRV,1,B/iff;A;B,A|not;B|nothing|not;A,A,single-choice,propositional
DCULRV,2,Not;A/or;A;B/not;and;A;B,B|nothing|A|not;B,B,single-choice,propositional
DCULRV,3,Not;B/iff;A;B,not;A|A|B|nothing,nothing,single-choice,propositional
DCULRV,4,B/or;A;B/not;and;A;B,not;B|nothing|A|not;A,not;A,single-choice,propositional
DCULRV,5,A/or;or;A;B;and;A;B,not;A|nothing|not;B|B,nothing,single-choice,propositional
DCULRV,6,B/if;A;B,not;A|nothing|A|not;B,A,single-choice,propositional
DCULRV,7,A/or;or;A;B;and;A;B,nothing|not;A|not;B|B,nothing,single-choice,propositional
DCULRV,8,Not;A/or;or;A;B;and;A;B,B|nothing|A|not;B,B,single-choice,propositional
DCULRV,9,A/iff;A;B,nothing|B|not;B|not;A,B,single-choice,propositional
DCULRV,10,Not;A/or;or;A;B;and;A;B,B|nothing|A|not;B,B,single-choice,propositional
DCULRV,11,Not;B/or;or;A;B;and;A;B,A|not;A|nothing|B,A,single-choice,propositional
DCULRV,12,Not;B/or;or;A;B;and;A;B,B|nothing|not;A|A,A,single-choice,propositional
DCULRV,13,B/iff;A;B,nothing|not;B|A|not;A,A,single-choice,propositional
DCULRV,14,Not;A/iff;A;B,nothing|not;B|A|B,not;B,single-choice,propositional
DCULRV,15,B/or;or;A;B;and;A;B,A|not;B|not;A|nothing,nothing,single-choice,propositional
DCULRV,16,A/or;A;B/not;and;A;B,not;A|nothing|B|not;B,not;B,single-choice,propositional
RLKANX,0,A/iff;A;B,not;B|not;A|nothing|B,B,single-choice,propositional
DCULRV,17,B/or;A;B/not;and;A;B,not;A|not;B|nothing|A,not;A,single-choice,propositional
RLKANX,1,B/or;or;A;B;and;A;B,not;B|nothing|A|not;A,nothing,single-choice,propositional
DCULRV,18,Not;B/or;A;B/not;and;A;B,A|not;A|nothing|B,A,single-choice,propositional
DCULRV,19,A/if;A;B,not;A|not;B|B|nothing,B,single-choice,propositional
DCULRV,20,Not;B/or;A;B/not;and;A;B,B|nothing|not;A|A,A,single-choice,propositional
RLKANX,2,Not;A/or;A;B/not;and;A;B,A|nothing|B|not;B,B,single-choice,propositional
RLKANX,3,A/iff;A;B,B|nothing|not;B|not;A,B,single-choice,propositional
DCULRV,21,B/or;or;A;B;and;A;B,not;A|not;B|A|nothing,nothing,single-choice,propositional
DCULRV,22,A/or;A;B/not;and;A;B,nothing|B|not;B|not;A,not;B,single-choice,propositional
RLKANX,4,Not;B/iff;A;B,nothing|A|B|not;A,not;A,single-choice,propositional
RLKANX,5,Not;B/if;A;B,A|not;A|nothing|B,not;A,single-choice,propositional
DCULRV,23,Not;B/if;A;B,B|not;A|A|nothing,not;A,single-choice,propositional
RLKANX,6,B/if;A;B,not;A|not;B|nothing|A,A,single-choice,propositional
DCULRV,24,Not;A/if;A;B,B|not;B|A|nothing,not;B,single-choice,propositional
DCULRV,25,Not;A/if;A;B,B|nothing|not;B|A,not;B,single-choice,propositional
RLKANX,7,A/or;or;A;B;and;A;B,nothing|not;A|B|not;B,nothing,single-choice,propositional
RLKANX,8,Not;A/or;or;A;B;and;A;B,B|not;B|nothing|A,B,single-choice,propositional
DCULRV,26,A/if;A;B,B|nothing|not;A|not;B,B,single-choice,propositional
DCULRV,27,B/if;A;B,not;A|A|not;B|nothing,A,single-choice,propositional
RLKANX,9,Not;A/iff;A;B,not;B|B|A|nothing,not;B,single-choice,propositional
RLKANX,10,B/or;A;B/not;and;A;B,not;A|A|not;B|nothing,not;B,single-choice,propositional
DCULRV,28,Not;A/iff;A;B,nothing|A|not;B|B,not;B,single-choice,propositional
DCULRV,29,Not;B/iff;A;B,A|not;A|nothing|B,not;A,single-choice,propositional
DCULRV,30,Not;A/or;A;B/not;and;A;B,not;B|B|nothing|A,B,single-choice,propositional
DCULRV,31,Not;B/if;A;B,not;A|A|nothing|B,not;A,single-choice,propositional
RLKANX,11,B/or;or;A;B;and;A;B,A|nothing|not;B|not;A,nothing,single-choice,propositional
RLKANX,12,Not;B/iff;A;B,A|B|nothing|not;A,not;A,single-choice,propositional
RLKANX,13,Not;B/or;or;A;B;and;A;B,nothing|A|B|not;A,A,single-choice,propositional
RLKANX,14,Not;A/or;A;B/not;and;A;B,not;B|nothing|B|A,B,single-choice,propositional
RLKANX,15,Not;A/if;A;B,A|nothing|B|not;B,not;B,single-choice,propositional
RLKANX,16,Not;A/if;A;B,nothing|B|A|not;B,not;B,single-choice,propositional
RLKANX,17,A/or;or;A;B;and;A;B,nothing|not;B|B|not;A,nothing,single-choice,propositional
RLKANX,18,Not;A/or;or;A;B;and;A;B,B|not;B|nothing|A,B,single-choice,propositional
RLKANX,19,B/or;A;B/not;and;A;B,nothing|A|not;A|not;B,not;A,single-choice,propositional
RLKANX,20,B/iff;A;B,A|nothing|not;B|not;A,A,single-choice,propositional
RLKANX,21,Not;B/if;A;B,not;A|B|nothing|A,not;A,single-choice,propositional
RLKANX,22,Not;B/or;A;B/not;and;A;B,nothing|A|B|not;A,A,single-choice,propositional
RLKANX,23,Not;A/iff;A;B,B|A|not;B|nothing,not;B,single-choice,propositional
RLKANX,24,B/iff;A;B,nothing|not;B|not;A|A,A,single-choice,propositional
RLKANX,25,Not;B/or;A;B/not;and;A;B,A|not;A|nothing|B,A,single-choice,propositional
RLKANX,26,Not;B/or;or;A;B;and;A;B,A|B|not;A|nothing,nothing,single-choice,propositional
RLKANX,27,A/or;A;B/not;and;A;B,B|nothing|not;B|not;A,not;B,single-choice,propositional
RLKANX,28,B/if;A;B,not;A|nothing|A|not;B,A,single-choice,propositional
RLKANX,29,A/if;A;B,B|nothing|not;A|not;B,B,single-choice,propositional
RLKANX,30,A/if;A;B,nothing|B|not;A|not;B,B,single-choice,propositional
RLKANX,31,A/or;A;B/not;and;A;B,B|not;A|not;B|nothing,not;B,single-choice,propositional
VKBJTI,0,A/or;or;A;B;and;A;B,nothing|not;B|not;A|B,nothing,single-choice,propositional
VKBJTI,1,B/or;A;B/not;and;A;B,not;A|not;B|nothing|A,not;A,single-choice,propositional
VKBJTI,2,Not;A/or;or;A;B;and;A;B,A|nothing|not;B|B,B,single-choice,propositional
VKBJTI,3,A/iff;A;B,not;A|not;B|B|nothing,B,single-choice,propositional
VKBJTI,4,A/or;A;B/not;and;A;B,not;B|not;A|B|nothing,not;B,single-choice,propositional
VKBJTI,5,Not;B/or;A;B/not;and;A;B,nothing|not;A|A|B,A,single-choice,propositional
VKBJTI,6,Not;A/or;A;B/not;and;A;B,B|A|nothing|not;B,B,single-choice,propositional
VKBJTI,7,A/iff;A;B,nothing|not;B|B|not;A,B,single-choice,propositional
VKBJTI,8,A/if;A;B,nothing|not;A|B|not;B,B,single-choice,propositional
VKBJTI,9,Not;A/if;A;B,nothing|B|not;B|A,not;B,single-choice,propositional
VKBJTI,10,B/iff;A;B,not;A|nothing|not;B|A,A,single-choice,propositional
VKBJTI,11,A/or;or;A;B;and;A;B,nothing|not;A|not;B|B,nothing,single-choice,propositional
VKBJTI,12,A/or;A;B/not;and;A;B,not;B|B|nothing|not;A,not;B,single-choice,propositional
VKBJTI,13,B/if;A;B,nothing|not;B|not;A|A,A,single-choice,propositional
VKBJTI,14,B/or;or;A;B;and;A;B,A|not;A|not;B|nothing,nothing,single-choice,propositional
VKBJTI,15,Not;B/if;A;B,nothing|B|A|not;A,not;A,single-choice,propositional
VKBJTI,16,A/if;A;B,B|nothing|not;A|not;B,B,single-choice,propositional
VKBJTI,17,Not;A/or;or;A;B;and;A;B,not;B|A|B|nothing,B,single-choice,propositional
VKBJTI,18,Not;B/iff;A;B,nothing|B|A|not;A,not;A,single-choice,propositional
VKBJTI,19,B/or;or;A;B;and;A;B,not;A|A|nothing|not;B,A,single-choice,propositional
VKBJTI,20,Not;B/if;A;B,B|nothing|A|not;A,not;A,single-choice,propositional
VKBJTI,21,Not;B/or;or;A;B;and;A;B,not;A|A|B|nothing,A,single-choice,propositional
VKBJTI,22,Not;B/or;A;B/not;and;A;B,not;A|nothing|B|A,A,single-choice,propositional
VKBJTI,23,Not;B/or;or;A;B;and;A;B,A|not;A|B|nothing,A,single-choice,propositional
VKBJTI,24,Not;A/iff;A;B,not;B|nothing|B|A,not;B,single-choice,propositional
VKBJTI,25,Not;A/or;A;B/not;and;A;B,A|not;B|nothing|B,B,single-choice,propositional
VKBJTI,26,B/iff;A;B,nothing|not;A|A|not;B,A,single-choice,propositional
VKBJTI,27,B/or;A;B/not;and;A;B,A|not;B|nothing|not;A,not;A,single-choice,propositional
VKBJTI,28,B/if;A;B,not;B|A|not;A|nothing,A,single-choice,propositional
VKBJTI,29,Not;A/if;A;B,nothing|not;B|A|B,not;B,single-choice,propositional
VKBJTI,30,Not;A/iff;A;B,A|B|not;B|nothing,not;B,single-choice,propositional
SEMTNN,0,Not;B/if;A;B,not;A|nothing|A|B,nothing,single-choice,propositional
VKBJTI,31,Not;B/iff;A;B,B|not;A|A|nothing,not;A,single-choice,propositional
SEMTNN,1,Not;B/iff;A;B,not;A|nothing|A|B,not;A,single-choice,propositional
SEMTNN,2,B/or;A;B/not;and;A;B,not;A|nothing|A|not;B,not;A,single-choice,propositional
SEMTNN,3,A/or;or;A;B;and;A;B,not;A|B|nothing|not;B,nothing,single-choice,propositional
SEMTNN,4,B/iff;A;B,nothing|not;B|A|not;A,A,single-choice,propositional
SEMTNN,5,Not;A/if;A;B,nothing|not;B|B|A,nothing,single-choice,propositional
SEMTNN,6,B/iff;A;B,not;B|nothing|A|not;A,A,single-choice,propositional
SEMTNN,7,Not;B/if;A;B,nothing|not;A|A|B,nothing,single-choice,propositional
SEMTNN,8,A/or;A;B/not;and;A;B,nothing|not;A|B|not;B,not;B,single-choice,propositional
SEMTNN,9,A/or;or;A;B;and;A;B,not;A|not;B|B|nothing,nothing,single-choice,propositional
SEMTNN,10,Not;A/if;A;B,A|B|nothing|not;B,nothing,single-choice,propositional
SEMTNN,11,Not;A/or;A;B/not;and;A;B,A|B|nothing|not;B,B,single-choice,propositional
SEMTNN,12,Not;A/or;or;A;B;and;A;B,B|A|nothing|not;B,B,single-choice,propositional
SEMTNN,13,A/or;A;B/not;and;A;B,B|not;A|nothing|not;B,not;A,single-choice,propositional
SEMTNN,14,A/iff;A;B,B|not;B|not;A|nothing,B,single-choice,propositional
SEMTNN,15,B/or;A;B/not;and;A;B,A|not;B|nothing|not;A,not;A,single-choice,propositional
SEMTNN,16,Not;A/or;or;A;B;and;A;B,not;B|B|A|nothing,B,single-choice,propositional
SEMTNN,17,B/if;A;B,nothing|not;A|not;B|A,nothing,single-choice,propositional
SEMTNN,18,Not;B/or;A;B/not;and;A;B,A|not;A|nothing|B,A,single-choice,propositional
SEMTNN,19,Not;B/or;A;B/not;and;A;B,not;A|A|nothing|B,A,single-choice,propositional
SEMTNN,20,A/if;A;B,B|not;A|nothing|not;B,B,single-choice,propositional
SEMTNN,21,Not;A/or;A;B/not;and;A;B,A|nothing|not;B|B,B,single-choice,propositional
SEMTNN,22,B/if;A;B,not;B|A|not;A|nothing,nothing,single-choice,propositional
SEMTNN,23,A/iff;A;B,not;B|not;A|nothing|B,B,single-choice,propositional
SEMTNN,24,A/if;A;B,B|not;B|not;A|nothing,B,single-choice,propositional
SEMTNN,25,Not;B/or;or;A;B;and;A;B,B|not;A|nothing|A,A,single-choice,propositional
SEMTNN,26,Not;B/iff;A;B,B|not;A|nothing|A,nothing,single-choice,propositional
SEMTNN,27,Not;A/iff;A;B,nothing|B|not;B|A,not;B,single-choice,propositional
SEMTNN,28,Not;B/or;or;A;B;and;A;B,B|nothing|A|not;A,A,single-choice,propositional
SEMTNN,29,Not;A/iff;A;B,A|not;B|nothing|B,not;B,single-choice,propositional
SEMTNN,30,B/or;or;A;B;and;A;B,not;B|not;A|nothing|A,nothing,single-choice,propositional
SEMTNN,31,B/or;or;A;B;and;A;B,not;B|A|not;A|nothing,nothing,single-choice,propositional