id,sequence,Task-ID,p1,p2,choices,korrekt,Figur,3.Praemisse,Deterministic,response,lastcorrect,PremTime1,PremTime2,PremTime3,questionTime,rt_ms,task,response_type,domain
1,5,1,LAB,LBC,Left;A;C,1,1,0,1,True,True,0,6483,16610,24505,26215,Left;A;B/Left;B;C,verify,spatial-relational
1,9,9,LAB,LBC,Left;C;A,0,1,0,1,False,True,0,13845,17648,20580,21918,Left;A;B/Left;B;C,verify,spatial-relational
1,1,13,LAB,LBC,Right;A;C,0,1,0,1,False,True,0,22084,35842,46679,49491,Left;A;B/Left;B;C,verify,spatial-relational
1,10,5,LAB,LBC,Right;C;A,1,1,0,1,True,True,0,3865,7971,16041,17472,Left;A;B/Left;B;C,verify,spatial-relational
1,6,2,LAB,RCB,Left;A;C,1,2,0,1,True,True,0,6052,10005,13282,14506,Left;A;B/Right;C;B,verify,spatial-relational
1,13,10,LAB,RCB,Left;C;A,0,2,0,1,False,True,0,2534,5459,11025,12568,Left;A;B/Right;C;B,verify,spatial-relational
1,11,14,LAB,RCB,Right;A;C,0,2,0,1,False,True,0,7216,10811,14781,16252,Left;A;B/Right;C;B,verify,spatial-relational
1,12,6,LAB,RCB,Right;C;A,1,2,0,1,True,True,0,3891,6241,9255,10526,Left;A;B/Right;C;B,verify,spatial-relational
1,16,3,RBA,LBC,Left;A;C,1,3,0,1,True,True,0,4337,9081,16488,18207,Right;B;A/Left;B;C,verify,spatial-relational
1,15,11,RBA,LBC,Left;C;A,0,3,0,1,False,True,0,3827,8188,14839,15911,Right;B;A/Left;B;C,verify,spatial-relational
1,3,15,RBA,LBC,Right;A;C,0,3,0,1,False,True,0,8884,20072,26141,28154,Right;B;A/Left;B;C,verify,spatial-relational
1,4,7,RBA,LBC,Right;C;A,1,3,0,1,True,True,0,14490,24227,35660,37333,Right;B;A/Left;B;C,verify,spatial-relational
1,14,4,RBA,RCB,Left;A;C,1,4,0,1,True,True,0,7177,18414,22024,23360,Right;B;A/Right;C;B,verify,spatial-relational
1,2,12,RBA,RCB,Left;C;A,0,4,0,1,False,True,0,13509,36823,49990,51988,Right;B;A/Right;C;B,verify,spatial-relational
1,7,16,RBA,RCB,Right;A;C,0,4,0,1,False,True,0,9697,14090,18276,19739,Right;B;A/Right;C;B,verify,spatial-relational
1,8,8,RBA,RCB,Right;C;A,1,4,0,1,True,True,0,4696,7916,10578,11769,Right;B;A/Right;C;B,verify,spatial-relational
3,3,1,LAB,LBC,Left;A;C,1,1,0,1,True,True,0,5071,10720,14404,18055,Left;A;B/Left;B;C,verify,spatial-relational
3,11,9,LAB,LBC,Left;C;A,0,1,0,1,False,True,0,11097,15714,22307,23623,Left;A;B/Left;B;C,verify,spatial-relational
3,10,13,LAB,LBC,Right;A;C,0,1,0,1,False,True,0,4471,7941,12697,13947,Left;A;B/Left;B;C,verify,spatial-relational
3,6,5,LAB,LBC,Right;C;A,1,1,0,1,True,True,0,3916,12135,16485,18003,Left;A;B/Left;B;C,verify,spatial-relational
3,9,2,LAB,RCB,Left;A;C,1,2,0,1,True,True,0,4758,7741,10721,11849,Left;A;B/Right;C;B,verify,spatial-relational
3,13,10,LAB,RCB,Left;C;A,0,2,0,1,False,True,0,3985,8433,12825,13982,Left;A;B/Right;C;B,verify,spatial-relational
3,1,14,LAB,RCB,Right;A;C,0,2,0,1,False,True,0,6919,15744,21628,24509,Left;A;B/Right;C;B,verify,spatial-relational
3,5,6,LAB,RCB,Right;C;A,1,2,0,1,True,True,0,4638,7967,12110,14072,Left;A;B/Right;C;B,verify,spatial-relational
3,7,3,RBA,LBC,Left;A;C,1,3,0,1,True,True,0,12788,15049,20437,21797,Right;B;A/Left;B;C,verify,spatial-relational
3,16,11,RBA,LBC,Left;C;A,0,3,0,1,False,True,0,5091,7571,11264,12276,Right;B;A/Left;B;C,verify,spatial-relational
3,12,15,RBA,LBC,Right;A;C,0,3,0,1,False,True,0,8820,14539,18139,19432,Right;B;A/Left;B;C,verify,spatial-relational
3,14,7,RBA,LBC,Right;C;A,1,3,0,1,True,True,0,9117,12128,15213,16321,Right;B;A/Left;B;C,verify,spatial-relational
3,4,4,RBA,RCB,Left;A;C,1,4,0,1,True,True,0,7000,18132,21193,22440,Right;B;A/Right;C;B,verify,spatial-relational
3,2,12,RBA,RCB,Left;C;A,0,4,0,1,False,True,0,7035,12268,18085,20157,Right;B;A/Right;C;B,verify,spatial-relational
3,15,16,RBA,RCB,Right;A;C,0,4,0,1,False,True,0,4364,14490,21034,22272,Right;B;A/Right;C;B,verify,spatial-relational
3,8,8,RBA,RCB,Right;C;A,1,4,0,1,True,True,0,8435,12272,20198,22032,Right;B;A/Right;C;B,verify,spatial-relational
4,14,1,LAB,LBC,Left;A;C,1,1,0,1,True,True,0,3020,5891,8715,10197,Left;A;B/Left;B;C,verify,spatial-relational
4,15,9,LAB,LBC,Left;C;A,0,1,0,1,False,True,0,2104,4091,7086,8676,Left;A;B/Left;B;C,verify,spatial-relational
4,3,13,LAB,LBC,Right;A;C,0,1,0,1,True,False,0,11127,14752,17017,18474,Left;A;B/Left;B;C,verify,spatial-relational
4,11,5,LAB,LBC,Right;C;A,1,1,0,1,True,True,0,3750,5497,7565,9312,Left;A;B/Left;B;C,verify,spatial-relational
4,12,2,LAB,RCB,Left;A;C,1,2,0,1,True,True,0,1337,2886,5473,6371,Left;A;B/Right;C;B,verify,spatial-relational
4,5,10,LAB,RCB,Left;C;A,0,2,0,1,False,True,0,5616,7519,10800,13971,Left;A;B/Right;C;B,verify,spatial-relational
4,1,14,LAB,RCB,Right;A;C,0,2,0,1,False,True,0,5388,8294,11857,15644,Left;A;B/Right;C;B,verify,spatial-relational
4,8,6,LAB,RCB,Right;C;A,1,2,0,1,True,True,0,1404,3650,5800,6643,Left;A;B/Right;C;B,verify,spatial-relational
4,13,3,RBA,LBC,Left;A;C,1,3,0,1,True,True,0,5299,7040,9660,11848,Right;B;A/Left;B;C,verify,spatial-relational
4,2,11,RBA,LBC,Left;C;A,0,3,0,1,False,True,0,6893,9826,18289,20801,Right;B;A/Left;B;C,verify,spatial-relational
4,9,15,RBA,LBC,Right;A;C,0,3,0,1,False,True,0,2528,5546,8500,9115,Right;B;A/Left;B;C,verify,spatial-relational
4,16,7,RBA,LBC,Right;C;A,1,3,0,1,False,False,0,6573,12088,14003,14893,Right;B;A/Left;B;C,verify,spatial-relational
4,7,4,RBA,RCB,Left;A;C,1,4,0,1,False,False,0,2980,4587,6365,7816,Right;B;A/Right;C;B,verify,spatial-relational
4,6,12,RBA,RCB,Left;C;A,0,4,0,1,False,True,0,2013,4696,6818,8658,Right;B;A/Right;C;B,verify,spatial-relational
4,10,16,RBA,RCB,Right;A;C,0,4,0,1,True,False,0,7323,9539,10997,12088,Right;B;A/Right;C;B,verify,spatial-relational
4,4,8,RBA,RCB,Right;C;A,1,4,0,1,True,True,0,2121,4989,6779,7231,Right;B;A/Right;C;B,verify,spatial-relational
7,15,1,LAB,LBC,Left;A;C,1,1,0,1,True,True,0,161,324,469,938,Left;A;B/Left;B;C,verify,spatial-relational
7,7,9,LAB,LBC,Left;C;A,0,1,0,1,False,True,0,5210,17925,19174,20343,Left;A;B/Left;B;C,verify,spatial-relational
7,9,13,LAB,LBC,Right;A;C,0,1,0,1,True,False,0,225,382,531,749,Left;A;B/Left;B;C,verify,spatial-relational
7,5,5,LAB,LBC,Right;C;A,1,1,0,1,False,False,0,5981,23527,28543,28778,Left;A;B/Left;B;C,verify,spatial-relational
7,10,2,LAB,RCB,Left;A;C,1,2,0,1,False,False,0,171,319,542,998,Left;A;B/Right;C;B,verify,spatial-relational
7,4,10,LAB,RCB,Left;C;A,0,2,0,1,False,True,0,4003,6841,12326,13002,Left;A;B/Right;C;B,verify,spatial-relational
7,14,14,LAB,RCB,Right;A;C,0,2,0,1,True,False,0,181,349,690,1340,Left;A;B/Right;C;B,verify,spatial-relational
7,2,6,LAB,RCB,Right;C;A,1,2,0,1,True,True,0,6159,9455,15872,16848,Left;A;B/Right;C;B,verify,spatial-relational
7,8,3,RBA,LBC,Left;A;C,1,3,0,1,True,True,0,426,624,814,1713,Right;B;A/Left;B;C,verify,spatial-relational
7,12,11,RBA,LBC,Left;C;A,0,3,0,1,False,True,0,166,329,487,1222,Right;B;A/Left;B;C,verify,spatial-relational
7,16,15,RBA,LBC,Right;A;C,0,3,0,1,True,False,0,187,361,520,1132,Right;B;A/Left;B;C,verify,spatial-relational
7,6,7,RBA,LBC,Right;C;A,1,3,0,1,True,True,0,9473,19726,23185,23955,Right;B;A/Left;B;C,verify,spatial-relational
7,1,4,RBA,RCB,Left;A;C,1,4,0,1,False,False,0,2037,12079,17617,19015,Right;B;A/Right;C;B,verify,spatial-relational
7,11,12,RBA,RCB,Left;C;A,0,4,0,1,False,True,0,170,323,638,1023,Right;B;A/Right;C;B,verify,spatial-relational
7,3,16,RBA,RCB,Right;A;C,0,4,0,1,False,True,0,10530,13907,16769,17141,Right;B;A/Right;C;B,verify,spatial-relational
7,13,8,RBA,RCB,Right;C;A,1,4,0,1,True,True,0,171,337,497,713,Right;B;A/Right;C;B,verify,spatial-relational
10,14,1,LAB,LBC,Left;A;C,1,1,0,1,True,True,0,2385,9408,15248,15632,Left;A;B/Left;B;C,verify,spatial-relational
10,1,9,LAB,LBC,Left;C;A,0,1,0,1,True,False,0,4846,9055,22254,24334,Left;A;B/Left;B;C,verify,spatial-relational
10,9,13,LAB,LBC,Right;A;C,0,1,0,1,True,False,0,3264,9951,22447,22911,Left;A;B/Left;B;C,verify,spatial-relational
10,10,5,LAB,LBC,Right;C;A,1,1,0,1,True,True,0,2592,5903,11473,11919,Left;A;B/Left;B;C,verify,spatial-relational
10,15,2,LAB,RCB,Left;A;C,1,2,0,1,False,False,0,6336,9232,18464,18879,Left;A;B/Right;C;B,verify,spatial-relational
10,12,10,LAB,RCB,Left;C;A,0,2,0,1,True,False,0,5024,10623,21247,21503,Left;A;B/Right;C;B,verify,spatial-relational
10,2,14,LAB,RCB,Right;A;C,0,2,0,1,False,True,0,6064,10016,14960,16447,Left;A;B/Right;C;B,verify,spatial-relational
10,6,6,LAB,RCB,Right;C;A,1,2,0,1,False,False,0,3264,6191,10624,11344,Left;A;B/Right;C;B,verify,spatial-relational
10,4,3,RBA,LBC,Left;A;C,1,3,0,1,False,False,0,1856,9488,21839,23871,Right;B;A/Left;B;C,verify,spatial-relational
10,7,11,RBA,LBC,Left;C;A,0,3,0,1,False,True,0,7552,10111,23263,24047,Right;B;A/Left;B;C,verify,spatial-relational
10,16,15,RBA,LBC,Right;A;C,0,3,0,1,True,False,1,3491,11057,17264,17600,Right;B;A/Left;B;C,verify,spatial-relational
10,8,7,RBA,LBC,Right;C;A,1,3,0,1,True,True,0,7599,10175,22223,23310,Right;B;A/Left;B;C,verify,spatial-relational
10,11,4,RBA,RCB,Left;A;C,1,4,0,1,True,True,0,4176,7424,9616,10096,Right;B;A/Right;C;B,verify,spatial-relational
10,13,12,RBA,RCB,Left;C;A,0,4,0,1,False,True,0,4798,8894,17342,18094,Right;B;A/Right;C;B,verify,spatial-relational
10,5,16,RBA,RCB,Right;A;C,0,4,0,1,False,True,0,1919,7295,13759,14799,Right;B;A/Right;C;B,verify,spatial-relational
10,3,8,RBA,RCB,Right;C;A,1,4,0,1,False,False,1,3967,7135,11376,12208,Right;B;A/Right;C;B,verify,spatial-relational
11,1,1,LAB,LBC,Left;A;C,1,1,0,1,False,False,0,5928,14040,17253,19827,Left;A;B/Left;B;C,verify,spatial-relational
11,2,2,LAB,RCB,Left;A;C,1,2,0,1,False,False,0,4571,10125,17971,19890,Left;A;B/Right;C;B,verify,spatial-relational
11,3,14,LAB,RCB,Right;A;C,0,2,0,1,True,False,0,2792,8268,19110,22573,Left;A;B/Right;C;B,verify,spatial-relational
11,5,11,RBA,LBC,Left;C;A,0,3,0,1,False,True,0,3245,20904,22464,24789,Right;B;A/Left;B;C,verify,spatial-relational
11,4,7,RBA,LBC,Right;C;A,1,3,0,1,True,True,0,2777,13884,20545,22839,Right;B;A/Left;B;C,verify,spatial-relational
11,6,16,RBA,RCB,Right;A;C,0,4,0,1,False,True,0,3448,14134,19500,20998,Right;B;A/Right;C;B,verify,spatial-relational
11,7,8,RBA,RCB,Right;C;A,1,4,0,1,True,True,0,4072,9563,14758,16552,Right;B;A/Right;C;B,verify,spatial-relational
13,3,1,LAB,LBC,Left;A;C,1,1,0,1,True,True,0,4654,8315,10458,11314,Left;A;B/Left;B;C,verify,spatial-relational
13,14,9,LAB,LBC,Left;C;A,0,1,0,1,False,True,0,6883,11134,12799,13008,Left;A;B/Left;B;C,verify,spatial-relational
13,2,13,LAB,LBC,Right;A;C,0,1,0,1,False,True,0,4087,9387,13636,14957,Left;A;B/Left;B;C,verify,spatial-relational
13,16,5,LAB,LBC,Right;C;A,1,1,0,1,True,True,0,12214,17195,19217,19579,Left;A;B/Left;B;C,verify,spatial-relational
13,12,2,LAB,RCB,Left;A;C,1,2,0,1,True,True,0,4652,10320,12387,12804,Left;A;B/Right;C;B,verify,spatial-relational
13,1,10,LAB,RCB,Left;C;A,0,2,0,1,False,True,0,11959,17038,20670,21731,Left;A;B/Right;C;B,verify,spatial-relational
13,10,14,LAB,RCB,Right;A;C,0,2,0,1,True,False,0,5134,8462,16400,19053,Left;A;B/Right;C;B,verify,spatial-relational
13,5,6,LAB,RCB,Right;C;A,1,2,0,1,False,False,0,5546,10002,20013,20497,Left;A;B/Right;C;B,verify,spatial-relational
13,11,3,RBA,LBC,Left;A;C,1,3,0,1,False,False,0,9699,14478,20398,20610,Right;B;A/Left;B;C,verify,spatial-relational
13,4,11,RBA,LBC,Left;C;A,0,3,0,1,False,True,0,3240,6801,10761,11219,Right;B;A/Left;B;C,verify,spatial-relational
13,15,15,RBA,LBC,Right;A;C,0,3,0,1,False,True,0,5325,9720,11539,12044,Right;B;A/Left;B;C,verify,spatial-relational
13,8,7,RBA,LBC,Right;C;A,1,3,0,1,True,True,0,3768,8336,11023,11605,Right;B;A/Left;B;C,verify,spatial-relational
13,9,4,RBA,RCB,Left;A;C,1,4,0,1,True,True,0,3957,10017,13499,13807,Right;B;A/Right;C;B,verify,spatial-relational
13,6,12,RBA,RCB,Left;C;A,0,4,0,1,True,False,0,5145,7565,14193,15223,Right;B;A/Right;C;B,verify,spatial-relational
13,13,16,RBA,RCB,Right;A;C,0,4,0,1,False,True,0,6680,12861,15137,16312,Right;B;A/Right;C;B,verify,spatial-relational
13,7,8,RBA,RCB,Right;C;A,1,4,0,1,True,True,0,8071,12511,15176,16213,Right;B;A/Right;C;B,verify,spatial-relational
14,14,1,LAB,LBC,Left;A;C,1,1,0,1,True,True,0,1290,6305,9539,10631,Left;A;B/Left;B;C,verify,spatial-relational
14,15,9,LAB,LBC,Left;C;A,0,1,0,1,False,True,0,17002,22338,27786,31155,Left;A;B/Left;B;C,verify,spatial-relational
14,4,13,LAB,LBC,Right;A;C,0,1,0,1,False,True,0,1576,8146,13386,15035,Left;A;B/Left;B;C,verify,spatial-relational
14,12,5,LAB,LBC,Right;C;A,1,1,0,1,True,True,0,3448,8453,19911,21133,Left;A;B/Left;B;C,verify,spatial-relational
14,16,2,LAB,RCB,Left;A;C,1,2,0,1,True,True,0,11461,13464,16792,18242,Left;A;B/Right;C;B,verify,spatial-relational
14,10,10,LAB,RCB,Left;C;A,0,2,0,1,False,True,0,4341,8232,16067,17301,Left;A;B/Right;C;B,verify,spatial-relational
14,13,14,LAB,RCB,Right;A;C,0,2,0,1,False,True,0,2161,4541,7630,8396,Left;A;B/Right;C;B,verify,spatial-relational
14,9,6,LAB,RCB,Right;C;A,1,2,0,1,False,False,0,2146,5735,8273,9406,Left;A;B/Right;C;B,verify,spatial-relational
14,1,3,RBA,LBC,Left;A;C,1,3,0,1,True,True,0,3352,5652,8170,12402,Right;B;A/Left;B;C,verify,spatial-relational
14,2,11,RBA,LBC,Left;C;A,0,3,0,1,False,True,0,4263,12307,15981,17286,Right;B;A/Left;B;C,verify,spatial-relational
14,8,15,RBA,LBC,Right;A;C,0,3,0,1,False,True,0,5858,8692,14221,15025,Right;B;A/Left;B;C,verify,spatial-relational
14,6,7,RBA,LBC,Right;C;A,1,3,0,1,True,True,0,26801,29927,34576,35547,Right;B;A/Left;B;C,verify,spatial-relational
14,7,4,RBA,RCB,Left;A;C,1,4,0,1,True,True,0,2461,6143,10865,11939,Right;B;A/Right;C;B,verify,spatial-relational
14,3,12,RBA,RCB,Left;C;A,0,4,0,1,True,False,0,12910,20102,21659,23675,Right;B;A/Right;C;B,verify,spatial-relational
14,11,16,RBA,RCB,Right;A;C,0,4,0,1,False,True,0,4379,10087,14638,16407,Right;B;A/Right;C;B,verify,spatial-relational
14,5,8,RBA,RCB,Right;C;A,1,4,0,1,True,True,0,59940,64935,68384,69283,Right;B;A/Right;C;B,verify,spatial-relational
22,6,1,LAB,LBC,Left;A;C,1,1,0,1,True,True,0,5421,9527,13267,14194,Left;A;B/Left;B;C,verify,spatial-relational
22,9,9,LAB,LBC,Left;C;A,0,1,0,1,False,True,0,3638,6464,13264,13742,Left;A;B/Left;B;C,verify,spatial-relational
22,12,13,LAB,LBC,Right;A;C,0,1,0,1,False,True,0,4514,7134,10282,10654,Left;A;B/Left;B;C,verify,spatial-relational
22,1,5,LAB,LBC,Right;C;A,1,1,0,1,True,True,0,14438,19260,25973,28140,Left;A;B/Left;B;C,verify,spatial-relational
22,10,2,LAB,RCB,Left;A;C,1,2,0,1,True,True,0,5105,8864,13998,15187,Left;A;B/Right;C;B,verify,spatial-relational
22,2,10,LAB,RCB,Left;C;A,0,2,0,1,False,True,0,5080,13311,18093,19442,Left;A;B/Right;C;B,verify,spatial-relational
22,7,14,LAB,RCB,Right;A;C,0,2,0,1,False,True,0,5536,9142,14864,15872,Left;A;B/Right;C;B,verify,spatial-relational
22,8,6,LAB,RCB,Right;C;A,1,2,0,1,True,True,0,3956,8170,10594,11260,Left;A;B/Right;C;B,verify,spatial-relational
22,4,3,RBA,LBC,Left;A;C,1,3,0,1,True,True,0,8286,12450,18372,19224,Right;B;A/Left;B;C,verify,spatial-relational
22,5,11,RBA,LBC,Left;C;A,0,3,0,1,False,True,0,7973,12270,20223,21479,Right;B;A/Left;B;C,verify,spatial-relational
22,16,15,RBA,LBC,Right;A;C,0,3,0,1,False,True,0,4136,6862,11085,11557,Right;B;A/Left;B;C,verify,spatial-relational
22,15,7,RBA,LBC,Right;C;A,1,3,0,1,True,True,0,4714,7164,10564,11415,Right;B;A/Left;B;C,verify,spatial-relational
22,11,4,RBA,RCB,Left;A;C,1,4,0,1,True,True,0,7847,12376,17371,18259,Right;B;A/Right;C;B,verify,spatial-relational
22,14,12,RBA,RCB,Left;C;A,0,4,0,1,False,True,0,6574,10692,14055,14542,Right;B;A/Right;C;B,verify,spatial-relational
22,13,16,RBA,RCB,Right;A;C,0,4,0,1,False,True,0,7919,13655,17399,17798,Right;B;A/Right;C;B,verify,spatial-relational
22,3,8,RBA,RCB,Right;C;A,1,4,0,1,True,True,0,9200,17050,20518,21476,Right;B;A/Right;C;B,verify,spatial-relational
24,2,1,LAB,LBC,Left;A;C,1,1,0,1,True,True,0,28927,35878,41464,42819,Left;A;B/Left;B;C,verify,spatial-relational
24,1,9,LAB,LBC,Left;C;A,0,1,0,1,False,True,0,9395,25710,37352,38953,Left;A;B/Left;B;C,verify,spatial-relational
24,12,13,LAB,LBC,Right;A;C,0,1,0,1,False,True,0,8805,16019,21598,22447,Left;A;B/Left;B;C,verify,spatial-relational
24,13,5,LAB,LBC,Right;C;A,1,1,0,1,True,True,0,10938,19711,26765,34065,Left;A;B/Left;B;C,verify,spatial-relational
24,7,2,LAB,RCB,Left;A;C,1,2,0,1,True,True,0,10034,15670,21535,22968,Left;A;B/Right;C;B,verify,spatial-relational
24,14,10,LAB,RCB,Left;C;A,0,2,0,1,False,True,0,12233,18010,22117,22793,Left;A;B/Right;C;B,verify,spatial-relational
24,4,14,LAB,RCB,Right;A;C,0,2,0,1,False,True,0,14796,21576,27267,28015,Left;A;B/Right;C;B,verify,spatial-relational
24,15,6,LAB,RCB,Right;C;A,1,2,0,1,True,True,0,16754,22459,27719,29540,Left;A;B/Right;C;B,verify,spatial-relational
24,8,3,RBA,LBC,Left;A;C,1,3,0,1,True,True,0,12174,26573,29344,30360,Right;B;A/Left;B;C,verify,spatial-relational
24,9,11,RBA,LBC,Left;C;A,0,3,0,1,False,True,0,12703,18618,23182,24035,Right;B;A/Left;B;C,verify,spatial-relational
24,10,15,RBA,LBC,Right;A;C,0,3,0,1,False,True,0,13600,28157,32940,33690,Right;B;A/Left;B;C,verify,spatial-relational
24,16,7,RBA,LBC,Right;C;A,1,3,0,1,True,True,0,13035,20224,27066,28330,Right;B;A/Left;B;C,verify,spatial-relational
24,5,4,RBA,RCB,Left;A;C,1,4,0,1,True,True,0,11275,18295,22562,23490,Right;B;A/Right;C;B,verify,spatial-relational
24,11,12,RBA,RCB,Left;C;A,0,4,0,1,False,True,0,24212,43090,48133,48752,Right;B;A/Right;C;B,verify,spatial-relational
24,6,16,RBA,RCB,Right;A;C,0,4,0,1,False,True,0,13178,19881,24854,25733,Right;B;A/Right;C;B,verify,spatial-relational
24,3,8,RBA,RCB,Right;C;A,1,4,0,1,True,True,0,11897,20304,25053,25974,Right;B;A/Right;C;B,verify,spatial-relational
25,5,1,LAB,LBC,Left;A;C,1,1,0,1,True,True,0,5062,6937,11750,13093,Left;A;B/Left;B;C,verify,spatial-relational
25,4,9,LAB,LBC,Left;C;A,0,1,0,1,False,True,0,4829,9204,11891,13344,Left;A;B/Left;B;C,verify,spatial-relational
25,1,13,LAB,LBC,Right;A;C,0,1,0,1,False,True,0,3141,8672,11000,12375,Left;A;B/Left;B;C,verify,spatial-relational
25,11,5,LAB,LBC,Right;C;A,1,1,0,1,True,True,0,4781,9969,13250,13578,Left;A;B/Left;B;C,verify,spatial-relational
25,14,2,LAB,RCB,Left;A;C,1,2,0,1,False,False,0,6344,12703,14922,15265,Left;A;B/Right;C;B,verify,spatial-relational
25,15,10,LAB,RCB,Left;C;A,0,2,0,1,False,True,0,8453,11281,14500,15094,Left;A;B/Right;C;B,verify,spatial-relational
25,12,14,LAB,RCB,Right;A;C,0,2,0,1,False,True,0,3031,8921,11968,12421,Left;A;B/Right;C;B,verify,spatial-relational
25,6,6,LAB,RCB,Right;C;A,1,2,0,1,False,False,0,2344,4047,9281,9844,Left;A;B/Right;C;B,verify,spatial-relational
25,3,3,RBA,LBC,Left;A;C,1,3,0,1,True,True,0,1375,4609,9500,11218,Right;B;A/Left;B;C,verify,spatial-relational
25,7,11,RBA,LBC,Left;C;A,0,3,0,1,False,True,0,11657,24235,27844,28954,Right;B;A/Left;B;C,verify,spatial-relational
25,8,15,RBA,LBC,Right;A;C,0,3,0,1,False,True,0,6609,11578,14734,15719,Right;B;A/Left;B;C,verify,spatial-relational
25,16,7,RBA,LBC,Right;C;A,1,3,0,1,True,True,0,7250,14797,19641,20063,Right;B;A/Left;B;C,verify,spatial-relational
25,9,4,RBA,RCB,Left;A;C,1,4,0,1,True,True,0,9640,16156,17906,19156,Right;B;A/Right;C;B,verify,spatial-relational
25,2,12,RBA,RCB,Left;C;A,0,4,0,1,False,True,0,5625,10359,16625,20109,Right;B;A/Right;C;B,verify,spatial-relational
25,13,16,RBA,RCB,Right;A;C,0,4,0,1,False,True,0,3860,8406,10047,11188,Right;B;A/Right;C;B,verify,spatial-relational
25,10,8,RBA,RCB,Right;C;A,1,4,0,1,True,True,0,2563,7188,8984,9359,Right;B;A/Right;C;B,verify,spatial-relational
29,3,1,LAB,LBC,Left;A;C,1,1,0,1,True,True,0,4609,7624,11193,12346,Left;A;B/Left;B;C,verify,spatial-relational
29,9,9,LAB,LBC,Left;C;A,0,1,0,1,False,True,0,3617,6195,8155,9830,Left;A;B/Left;B;C,verify,spatial-relational
29,1,13,LAB,LBC,Right;A;C,0,1,0,1,False,True,0,7289,10405,18120,19866,Left;A;B/Left;B;C,verify,spatial-relational
29,11,5,LAB,LBC,Right;C;A,1,1,0,1,True,True,0,3334,5804,8004,9002,Left;A;B/Left;B;C,verify,spatial-relational
29,10,2,LAB,RCB,Left;A;C,1,2,0,1,True,True,0,3780,7627,10088,11077,Left;A;B/Right;C;B,verify,spatial-relational
29,16,10,LAB,RCB,Left;C;A,0,2,0,1,False,True,0,3352,5737,8052,9348,Left;A;B/Right;C;B,verify,spatial-relational
29,14,14,LAB,RCB,Right;A;C,0,2,0,1,False,True,0,2748,9009,11879,13637,Left;A;B/Right;C;B,verify,spatial-relational
29,6,6,LAB,RCB,Right;C;A,1,2,0,1,True,True,0,3823,8019,11120,12172,Left;A;B/Right;C;B,verify,spatial-relational
29,12,3,RBA,LBC,Left;A;C,1,3,0,1,True,True,0,3475,6386,8458,9657,Right;B;A/Left;B;C,verify,spatial-relational
29,13,11,RBA,LBC,Left;C;A,0,3,0,1,False,True,0,3123,5738,7637,8734,Right;B;A/Left;B;C,verify,spatial-relational
29,5,15,RBA,LBC,Right;A;C,0,3,0,1,False,True,0,3911,7270,9858,11078,Right;B;A/Left;B;C,verify,spatial-relational
29,8,7,RBA,LBC,Right;C;A,1,3,0,1,True,True,0,3273,9322,11374,12712,Right;B;A/Left;B;C,verify,spatial-relational
29,2,4,RBA,RCB,Left;A;C,1,4,0,1,True,True,0,3617,7364,12471,13705,Right;B;A/Right;C;B,verify,spatial-relational
29,7,12,RBA,RCB,Left;C;A,0,4,0,1,False,True,0,2927,6674,8435,9613,Right;B;A/Right;C;B,verify,spatial-relational
29,15,16,RBA,RCB,Right;A;C,0,4,0,1,False,True,0,4068,7393,9088,10573,Right;B;A/Right;C;B,verify,spatial-relational
29,4,8,RBA,RCB,Right;C;A,1,4,0,1,True,True,0,4959,8390,11220,13265,Right;B;A/Right;C;B,verify,spatial-relational
36,14,1,LAB,LBC,Left;A;C,1,1,0,1,False,False,0,3602,6713,10509,11115,Left;A;B/Left;B;C,verify,spatial-relational
36,1,9,LAB,LBC,Left;C;A,0,1,0,1,False,True,0,6636,13396,20708,25444,Left;A;B/Left;B;C,verify,spatial-relational
36,16,13,LAB,LBC,Right;A;C,0,1,0,1,True,False,0,5616,6737,8504,10330,Left;A;B/Left;B;C,verify,spatial-relational
36,13,5,LAB,LBC,Right;C;A,1,1,0,1,False,False,0,578,1281,1585,3000,Left;A;B/Left;B;C,verify,spatial-relational
36,2,2,LAB,RCB,Left;A;C,1,2,0,1,True,True,0,3634,8815,11722,15195,Left;A;B/Right;C;B,verify,spatial-relational
36,9,10,LAB,RCB,Left;C;A,0,2,0,1,False,True,0,2476,5535,12161,12917,Left;A;B/Right;C;B,verify,spatial-relational
36,10,14,LAB,RCB,Right;A;C,0,2,0,1,True,False,0,1504,3226,5238,6412,Left;A;B/Right;C;B,verify,spatial-relational
36,8,6,LAB,RCB,Right;C;A,1,2,0,1,False,False,0,3526,6215,17851,19556,Left;A;B/Right;C;B,verify,spatial-relational
36,4,3,RBA,LBC,Left;A;C,1,3,0,1,True,True,0,5100,9826,13687,15356,Right;B;A/Left;B;C,verify,spatial-relational
36,5,11,RBA,LBC,Left;C;A,0,3,0,1,False,True,0,4005,12549,17270,18815,Right;B;A/Left;B;C,verify,spatial-relational
36,12,15,RBA,LBC,Right;A;C,0,3,0,1,True,False,0,1791,3661,8186,9460,Right;B;A/Left;B;C,verify,spatial-relational
36,6,7,RBA,LBC,Right;C;A,1,3,0,1,True,True,0,1895,4253,17237,19172,Right;B;A/Left;B;C,verify,spatial-relational
36,7,4,RBA,RCB,Left;A;C,1,4,0,1,True,True,0,3272,7370,8601,9645,Right;B;A/Right;C;B,verify,spatial-relational
36,11,12,RBA,RCB,Left;C;A,0,4,0,1,False,True,0,1964,3500,7437,8732,Right;B;A/Right;C;B,verify,spatial-relational
36,15,16,RBA,RCB,Right;A;C,0,4,0,1,False,True,0,2941,4679,6566,7366,Right;B;A/Right;C;B,verify,spatial-relational
36,3,8,RBA,RCB,Right;C;A,1,4,0,1,False,False,0,2894,12368,15190,18719,Right;B;A/Right;C;B,verify,spatial-relational
2,14,1,LAB,LBC,Left;A;C,1,1,0,1,False,False,0,2906,6317,11294,13498,Left;A;B/Left;B;C,verify,spatial-relational
2,3,9,LAB,LBC,Left;C;A,0,1,0,1,False,True,0,3343,8462,24853,25789,Left;A;B/Left;B;C,verify,spatial-relational
2,16,13,LAB,LBC,Right;A;C,0,1,0,1,False,True,0,2141,5199,8512,8961,Left;A;B/Left;B;C,verify,spatial-relational
2,11,5,LAB,LBC,Right;C;A,1,1,0,1,True,True,0,2493,5911,8789,9533,Left;A;B/Left;B;C,verify,spatial-relational
2,1,2,LAB,RCB,Left;A;C,1,2,0,1,False,False,0,3204,8834,19903,22068,Left;A;B/Right;C;B,verify,spatial-relational
2,8,10,LAB,RCB,Left;C;A,0,2,0,1,True,False,0,2764,7100,10964,11865,Left;A;B/Right;C;B,verify,spatial-relational
2,12,14,LAB,RCB,Right;A;C,0,2,0,1,False,True,0,1869,4094,10764,11162,Left;A;B/Right;C;B,verify,spatial-relational
2,6,6,LAB,RCB,Right;C;A,1,2,0,1,True,True,0,2925,6800,12244,13712,Left;A;B/Right;C;B,verify,spatial-relational
2,7,3,RBA,LBC,Left;A;C,1,3,0,1,True,True,0,1876,6158,10503,11230,Right;B;A/Left;B;C,verify,spatial-relational
2,10,11,RBA,LBC,Left;C;A,0,3,0,1,True,False,0,2019,4551,7222,7918,Right;B;A/Left;B;C,verify,spatial-relational
2,4,15,RBA,LBC,Right;A;C,0,3,0,1,False,True,0,2490,7903,19349,20253,Right;B;A/Left;B;C,verify,spatial-relational
2,15,7,RBA,LBC,Right;C;A,1,3,0,1,False,False,0,2250,6709,14310,14625,Right;B;A/Left;B;C,verify,spatial-relational
2,9,4,RBA,RCB,Left;A;C,1,4,0,1,False,False,0,2321,4973,7516,10277,Right;B;A/Right;C;B,verify,spatial-relational
2,2,12,RBA,RCB,Left;C;A,0,4,0,1,True,False,0,3404,8520,17820,19035,Right;B;A/Right;C;B,verify,spatial-relational
2,5,16,RBA,RCB,Right;A;C,0,4,0,1,False,True,0,2070,7023,11262,11607,Right;B;A/Right;C;B,verify,spatial-relational
2,13,8,RBA,RCB,Right;C;A,1,4,0,1,True,True,0,2895,6086,9312,9961,Right;B;A/Right;C;B,verify,spatial-relational
5,10,1,LAB,LBC,Left;A;C,1,1,0,1,True,True,0,2015,7743,8991,9487,Left;A;B/Left;B;C,verify,spatial-relational
5,8,9,LAB,LBC,Left;C;A,0,1,0,1,True,False,0,2256,7121,9424,11360,Left;A;B/Left;B;C,verify,spatial-relational
5,1,13,LAB,LBC,Right;A;C,0,1,0,1,False,True,0,3951,8943,16575,18527,Left;A;B/Left;B;C,verify,spatial-relational
5,16,5,LAB,LBC,Right;C;A,1,1,0,1,True,True,0,1696,8224,8976,9472,Left;A;B/Left;B;C,verify,spatial-relational
5,11,2,LAB,RCB,Left;A;C,1,2,0,1,False,False,0,1249,5376,7825,9680,Left;A;B/Right;C;B,verify,spatial-relational
5,2,10,LAB,RCB,Left;C;A,0,2,0,1,False,True,1,2640,8704,12944,15632,Left;A;B/Right;C;B,verify,spatial-relational
5,9,14,LAB,RCB,Right;A;C,0,2,0,1,True,False,0,4015,6752,10351,10847,Left;A;B/Right;C;B,verify,spatial-relational
5,3,6,LAB,RCB,Right;C;A,1,2,0,1,True,True,0,9296,11632,15599,16015,Left;A;B/Right;C;B,verify,spatial-relational
5,13,3,RBA,LBC,Left;A;C,1,3,0,1,True,True,0,3553,8433,12112,12304,Right;B;A/Left;B;C,verify,spatial-relational
5,12,11,RBA,LBC,Left;C;A,0,3,0,1,True,False,0,4191,7247,9823,9999,Right;B;A/Left;B;C,verify,spatial-relational
5,5,15,RBA,LBC,Right;A;C,0,3,0,1,True,False,0,2944,7711,10160,10799,Right;B;A/Left;B;C,verify,spatial-relational
5,7,7,RBA,LBC,Right;C;A,1,3,0,1,True,True,0,3456,5152,7055,7792,Right;B;A/Left;B;C,verify,spatial-relational
5,15,4,RBA,RCB,Left;A;C,1,4,0,1,True,True,0,3056,12144,14512,14736,Right;B;A/Right;C;B,verify,spatial-relational
5,4,12,RBA,RCB,Left;C;A,0,4,0,1,True,False,0,3376,7632,10336,10911,Right;B;A/Right;C;B,verify,spatial-relational
5,6,16,RBA,RCB,Right;A;C,0,4,0,1,False,True,0,3040,5184,9008,9936,Right;B;A/Right;C;B,verify,spatial-relational
5,14,8,RBA,RCB,Right;C;A,1,4,0,1,True,True,0,3776,5568,7648,8176,Right;B;A/Right;C;B,verify,spatial-relational
6,4,1,LAB,LBC,Left;A;C,1,1,0,1,True,True,0,5379,8571,12215,13229,Left;A;B/Left;B;C,verify,spatial-relational
6,8,9,LAB,LBC,Left;C;A,0,1,0,1,False,True,0,3142,9019,12153,13126,Left;A;B/Left;B;C,verify,spatial-relational
6,2,13,LAB,LBC,Right;A;C,0,1,0,1,False,True,0,9041,17740,20724,22341,Left;A;B/Left;B;C,verify,spatial-relational
6,3,5,LAB,LBC,Right;C;A,1,1,0,1,True,True,0,8289,13042,15844,17372,Left;A;B/Left;B;C,verify,spatial-relational
6,14,2,LAB,RCB,Left;A;C,1,2,0,1,True,True,0,3422,6088,8441,9525,Left;A;B/Right;C;B,verify,spatial-relational
6,6,10,LAB,RCB,Left;C;A,0,2,0,1,False,True,0,4816,9701,12064,13102,Left;A;B/Right;C;B,verify,spatial-relational
6,10,14,LAB,RCB,Right;A;C,0,2,0,1,False,True,0,5711,8669,13895,16055,Left;A;B/Right;C;B,verify,spatial-relational
6,9,6,LAB,RCB,Right;C;A,1,2,0,1,False,False,0,3040,8283,11755,12645,Left;A;B/Right;C;B,verify,spatial-relational
6,5,3,RBA,LBC,Left;A;C,1,3,0,1,True,True,0,7646,17588,20842,21728,Right;B;A/Left;B;C,verify,spatial-relational
6,1,11,RBA,LBC,Left;C;A,0,3,0,1,True,False,0,6057,12349,18263,21208,Right;B;A/Left;B;C,verify,spatial-relational
6,7,15,RBA,LBC,Right;A;C,0,3,0,1,False,True,0,6241,16498,20532,21722,Right;B;A/Left;B;C,verify,spatial-relational
6,15,7,RBA,LBC,Right;C;A,1,3,0,1,True,True,0,2691,10527,12268,13270,Right;B;A/Left;B;C,verify,spatial-relational
6,16,4,RBA,RCB,Left;A;C,1,4,0,1,True,True,0,2373,5816,7919,8817,Right;B;A/Right;C;B,verify,spatial-relational
6,11,12,RBA,RCB,Left;C;A,0,4,0,1,False,True,0,2591,11960,17652,18990,Right;B;A/Right;C;B,verify,spatial-relational
6,12,16,RBA,RCB,Right;A;C,0,4,0,1,False,True,0,4170,14275,27175,28702,Right;B;A/Right;C;B,verify,spatial-relational
6,13,8,RBA,RCB,Right;C;A,1,4,0,1,True,True,0,5719,19757,21543,22959,Right;B;A/Right;C;B,verify,spatial-relational
8,11,1,LAB,LBC,Left;A;C,1,1,0,1,True,True,0,2743,5420,6894,8013,Left;A;B/Left;B;C,verify,spatial-relational
8,12,9,LAB,LBC,Left;C;A,0,1,0,1,False,True,0,4004,6825,9956,11437,Left;A;B/Left;B;C,verify,spatial-relational
8,8,13,LAB,LBC,Right;A;C,0,1,0,1,False,True,0,8435,14270,16410,17458,Left;A;B/Left;B;C,verify,spatial-relational
8,4,5,LAB,LBC,Right;C;A,1,1,0,1,True,True,0,3605,6257,9970,10923,Left;A;B/Left;B;C,verify,spatial-relational
8,14,2,LAB,RCB,Left;A;C,1,2,0,1,True,True,0,3089,5753,9064,9712,Left;A;B/Right;C;B,verify,spatial-relational
8,5,10,LAB,RCB,Left;C;A,0,2,0,1,False,True,0,4206,6757,8960,10083,Left;A;B/Right;C;B,verify,spatial-relational
8,2,14,LAB,RCB,Right;A;C,0,2,0,1,False,True,0,4194,7744,16216,17660,Left;A;B/Right;C;B,verify,spatial-relational
8,3,6,LAB,RCB,Right;C;A,1,2,0,1,True,True,0,3105,5076,7687,9928,Left;A;B/Right;C;B,verify,spatial-relational
8,13,3,RBA,LBC,Left;A;C,1,3,0,1,True,True,0,3371,9144,11138,12470,Right;B;A/Left;B;C,verify,spatial-relational
8,1,11,RBA,LBC,Left;C;A,0,3,0,1,True,False,0,930,5889,14479,19871,Right;B;A/Left;B;C,verify,spatial-relational
8,15,15,RBA,LBC,Right;A;C,0,3,0,1,False,True,0,3068,5886,10731,12778,Right;B;A/Left;B;C,verify,spatial-relational
8,9,7,RBA,LBC,Right;C;A,1,3,0,1,True,True,0,7984,11351,13195,14726,Right;B;A/Left;B;C,verify,spatial-relational
8,7,4,RBA,RCB,Left;A;C,1,4,0,1,True,True,0,6075,9116,12841,14036,Right;B;A/Right;C;B,verify,spatial-relational
8,10,12,RBA,RCB,Left;C;A,0,4,0,1,False,True,0,3463,6677,8302,9214,Right;B;A/Right;C;B,verify,spatial-relational
8,16,16,RBA,RCB,Right;A;C,0,4,0,1,False,True,0,3764,7234,9835,11255,Right;B;A/Right;C;B,verify,spatial-relational
8,6,8,RBA,RCB,Right;C;A,1,4,0,1,True,True,0,5479,7986,10416,11663,Right;B;A/Right;C;B,verify,spatial-relational
9,15,1,LAB,LBC,Left;A;C,1,1,0,1,True,True,0,2826,5163,8744,9370,Left;A;B/Left;B;C,verify,spatial-relational
9,4,9,LAB,LBC,Left;C;A,0,1,0,1,False,True,0,4873,10536,13390,13862,Left;A;B/Left;B;C,verify,spatial-relational
9,9,13,LAB,LBC,Right;A;C,0,1,0,1,False,True,0,2615,8984,11623,12981,Left;A;B/Left;B;C,verify,spatial-relational
9,13,5,LAB,LBC,Right;C;A,1,1,0,1,True,True,0,3833,6891,12691,13266,Left;A;B/Left;B;C,verify,spatial-relational
9,10,2,LAB,RCB,Left;A;C,1,2,0,1,True,True,0,6519,9781,12231,12800,Left;A;B/Right;C;B,verify,spatial-relational
9,8,10,LAB,RCB,Left;C;A,0,2,0,1,False,True,0,2475,5242,9543,10285,Left;A;B/Right;C;B,verify,spatial-relational
9,11,14,LAB,RCB,Right;A;C,0,2,0,1,False,True,0,4670,7444,10238,10815,Left;A;B/Right;C;B,verify,spatial-relational
9,2,6,LAB,RCB,Right;C;A,1,2,0,1,False,False,0,3047,5988,10717,12525,Left;A;B/Right;C;B,verify,spatial-relational
9,12,3,RBA,LBC,Left;A;C,1,3,0,1,True,True,0,2647,7661,9514,10838,Right;B;A/Left;B;C,verify,spatial-relational
9,3,11,RBA,LBC,Left;C;A,0,3,0,1,False,True,0,1543,7555,22145,23035,Right;B;A/Left;B;C,verify,spatial-relational
9,16,15,RBA,LBC,Right;A;C,0,3,0,1,False,True,0,2777,9428,12994,13950,Right;B;A/Left;B;C,verify,spatial-relational
9,6,7,RBA,LBC,Right;C;A,1,3,0,1,True,True,0,22769,27722,30152,31234,Right;B;A/Left;B;C,verify,spatial-relational
9,7,4,RBA,RCB,Left;A;C,1,4,0,1,True,True,0,5004,31184,35061,35680,Right;B;A/Right;C;B,verify,spatial-relational
9,14,12,RBA,RCB,Left;C;A,0,4,0,1,False,True,0,11960,17012,22789,23340,Right;B;A/Right;C;B,verify,spatial-relational
9,1,16,RBA,RCB,Right;A;C,0,4,0,1,False,True,0,3562,5855,9502,13732,Right;B;A/Right;C;B,verify,spatial-relational
9,5,8,RBA,RCB,Right;C;A,1,4,0,1,True,True,0,4547,7732,12995,14276,Right;B;A/Right;C;B,verify,spatial-relational
12,16,1,LAB,LBC,Left;A;C,1,1,0,1,True,True,0,1179,6544,8632,9736,Left;A;B/Left;B;C,verify,spatial-relational
12,4,9,LAB,LBC,Left;C;A,0,1,0,1,False,True,0,2000,3681,9792,10400,Left;A;B/Left;B;C,verify,spatial-relational
12,14,13,LAB,LBC,Right;A;C,0,1,0,1,False,True,0,7088,13496,22024,23656,Left;A;B/Left;B;C,verify,spatial-relational
12,6,5,LAB,LBC,Right;C;A,1,1,0,1,True,True,0,2824,7800,15104,16136,Left;A;B/Left;B;C,verify,spatial-relational
12,13,2,LAB,RCB,Left;A;C,1,2,0,1,True,True,0,1456,3336,6800,7312,Left;A;B/Right;C;B,verify,spatial-relational
12,10,10,LAB,RCB,Left;C;A,0,2,0,1,False,True,0,2544,7832,12720,13648,Left;A;B/Right;C;B,verify,spatial-relational
12,11,14,LAB,RCB,Right;A;C,0,2,0,1,False,True,0,2984,6920,8912,9728,Left;A;B/Right;C;B,verify,spatial-relational
12,7,6,LAB,RCB,Right;C;A,1,2,0,1,True,True,0,2328,5328,6936,8065,Left;A;B/Right;C;B,verify,spatial-relational
12,8,3,RBA,LBC,Left;A;C,1,3,0,1,True,True,0,3432,6400,8088,9072,Right;B;A/Left;B;C,verify,spatial-relational
12,3,11,RBA,LBC,Left;C;A,0,3,0,1,False,True,0,1824,4552,7488,8448,Right;B;A/Left;B;C,verify,spatial-relational
12,9,15,RBA,LBC,Right;A;C,0,3,0,1,False,True,0,4064,5808,8208,9104,Right;B;A/Left;B;C,verify,spatial-relational
12,5,7,RBA,LBC,Right;C;A,1,3,0,1,True,True,0,2451,4168,10216,11456,Right;B;A/Left;B;C,verify,spatial-relational
12,12,4,RBA,RCB,Left;A;C,1,4,0,1,True,True,0,3184,5480,10312,11544,Right;B;A/Right;C;B,verify,spatial-relational
12,1,12,RBA,RCB,Left;C;A,0,4,0,1,False,True,0,3246,7550,17150,18982,Right;B;A/Right;C;B,verify,spatial-relational
12,15,16,RBA,RCB,Right;A;C,0,4,0,1,False,True,0,3032,4920,7520,8640,Right;B;A/Right;C;B,verify,spatial-relational
12,2,8,RBA,RCB,Right;C;A,1,4,0,1,True,True,0,4416,6712,12240,14736,Right;B;A/Right;C;B,verify,spatial-relational
15,3,1,LAB,LBC,Left;A;C,1,1,0,1,False,False,0,7129,12371,14290,15522,Left;A;B/Left;B;C,verify,spatial-relational
15,12,9,LAB,LBC,Left;C;A,0,1,0,1,False,True,0,2995,11232,13151,13993,Left;A;B/Left;B;C,verify,spatial-relational
15,11,13,LAB,LBC,Right;A;C,0,1,0,1,False,True,0,2668,7176,9313,10218,Left;A;B/Left;B;C,verify,spatial-relational
15,5,5,LAB,LBC,Right;C;A,1,1,0,1,True,True,0,3339,7301,9048,10406,Left;A;B/Left;B;C,verify,spatial-relational
15,16,2,LAB,RCB,Left;A;C,1,2,0,1,False,False,0,2855,7114,8689,9142,Left;A;B/Right;C;B,verify,spatial-relational
15,6,10,LAB,RCB,Left;C;A,0,2,0,1,True,False,0,3837,6942,9953,10483,Left;A;B/Right;C;B,verify,spatial-relational
15,13,14,LAB,RCB,Right;A;C,0,2,0,1,False,True,0,3417,10015,16318,17472,Left;A;B/Right;C;B,verify,spatial-relational
15,10,6,LAB,RCB,Right;C;A,1,2,0,1,True,True,0,4009,8050,10374,11045,Left;A;B/Right;C;B,verify,spatial-relational
15,7,3,RBA,LBC,Left;A;C,1,3,0,1,False,False,0,2901,7581,9859,11091,Right;B;A/Left;B;C,verify,spatial-relational
15,9,11,RBA,LBC,Left;C;A,0,3,0,1,False,True,0,5132,10686,13806,14742,Right;B;A/Left;B;C,verify,spatial-relational
15,1,15,RBA,LBC,Right;A;C,0,3,0,1,True,False,0,6334,9001,12730,15694,Right;B;A/Left;B;C,verify,spatial-relational
15,2,7,RBA,LBC,Right;C;A,1,3,0,1,True,True,0,5803,8674,13510,14430,Right;B;A/Left;B;C,verify,spatial-relational
15,15,4,RBA,RCB,Left;A;C,1,4,0,1,True,True,0,3401,8440,10780,11622,Right;B;A/Right;C;B,verify,spatial-relational
15,4,12,RBA,RCB,Left;C;A,0,4,0,1,True,False,0,6396,11263,13681,14445,Right;B;A/Right;C;B,verify,spatial-relational
15,14,16,RBA,RCB,Right;A;C,0,4,0,1,False,True,0,5460,8517,10623,11310,Right;B;A/Right;C;B,verify,spatial-relational
15,8,8,RBA,RCB,Right;C;A,1,4,0,1,True,True,0,2605,4992,7909,8721,Right;B;A/Right;C;B,verify,spatial-relational
16,3,1,LAB,LBC,Left;A;C,1,1,0,1,True,True,0,1919,6230,17308,18964,Left;A;B/Left;B;C,verify,spatial-relational
16,4,9,LAB,LBC,Left;C;A,0,1,0,1,False,True,0,3200,7231,11488,12361,Left;A;B/Left;B;C,verify,spatial-relational
16,1,13,LAB,LBC,Right;A;C,0,1,0,1,False,True,0,3615,6679,9599,12047,Left;A;B/Left;B;C,verify,spatial-relational
16,2,5,LAB,LBC,Right;C;A,1,1,0,1,False,False,0,2656,6056,10088,11087,Left;A;B/Left;B;C,verify,spatial-relational
16,11,2,LAB,RCB,Left;A;C,1,2,0,1,True,True,0,2432,4608,6928,7935,Left;A;B/Right;C;B,verify,spatial-relational
16,9,10,LAB,RCB,Left;C;A,0,2,0,1,False,True,0,2848,5688,17317,19141,Left;A;B/Right;C;B,verify,spatial-relational
16,14,14,LAB,RCB,Right;A;C,0,2,0,1,False,True,0,1552,3480,6672,7216,Left;A;B/Right;C;B,verify,spatial-relational
16,12,6,LAB,RCB,Right;C;A,1,2,0,1,True,True,0,1927,3551,10365,10949,Left;A;B/Right;C;B,verify,spatial-relational
16,5,3,RBA,LBC,Left;A;C,1,3,0,1,True,True,0,2672,5056,7712,8816,Right;B;A/Left;B;C,verify,spatial-relational
16,6,11,RBA,LBC,Left;C;A,0,3,0,1,True,False,0,2240,3896,6064,7760,Right;B;A/Left;B;C,verify,spatial-relational
16,7,15,RBA,LBC,Right;A;C,0,3,0,1,False,True,0,2032,4048,7096,7760,Right;B;A/Left;B;C,verify,spatial-relational
16,8,7,RBA,LBC,Right;C;A,1,3,0,1,True,True,0,2344,3728,9422,10310,Right;B;A/Left;B;C,verify,spatial-relational
16,16,4,RBA,RCB,Left;A;C,1,4,0,1,True,True,1,1208,2936,5040,5464,Right;B;A/Right;C;B,verify,spatial-relational
16,10,12,RBA,RCB,Left;C;A,0,4,0,1,False,True,0,1999,8907,10611,11731,Right;B;A/Right;C;B,verify,spatial-relational
16,15,16,RBA,RCB,Right;A;C,0,4,0,1,False,True,0,1527,3983,7159,7727,Right;B;A/Right;C;B,verify,spatial-relational
16,13,8,RBA,RCB,Right;C;A,1,4,0,1,True,True,0,1792,4328,6760,7376,Right;B;A/Right;C;B,verify,spatial-relational
17,13,1,LAB,LBC,Left;A;C,1,1,0,1,True,True,0,7928,22395,26406,27902,Left;A;B/Left;B;C,verify,spatial-relational
17,7,9,LAB,LBC,Left;C;A,0,1,0,1,False,True,0,8968,21615,30403,31242,Left;A;B/Left;B;C,verify,spatial-relational
17,3,13,LAB,LBC,Right;A;C,0,1,0,1,False,True,0,7222,13929,22763,23792,Left;A;B/Left;B;C,verify,spatial-relational
17,5,5,LAB,LBC,Right;C;A,1,1,0,1,True,True,0,8092,17640,26361,28533,Left;A;B/Left;B;C,verify,spatial-relational
17,10,2,LAB,RCB,Left;A;C,1,2,0,1,True,True,0,8137,12129,19673,20670,Left;A;B/Right;C;B,verify,spatial-relational
17,6,10,LAB,RCB,Left;C;A,0,2,0,1,False,True,0,6739,11744,17841,19259,Left;A;B/Right;C;B,verify,spatial-relational
17,12,14,LAB,RCB,Right;A;C,0,2,0,1,False,True,0,5350,15945,29082,30801,Left;A;B/Right;C;B,verify,spatial-relational
17,8,6,LAB,RCB,Right;C;A,1,2,0,1,True,True,0,10571,23695,28827,30363,Left;A;B/Right;C;B,verify,spatial-relational
17,16,3,RBA,LBC,Left;A;C,1,3,0,1,True,True,0,5830,12106,16956,18140,Right;B;A/Left;B;C,verify,spatial-relational
17,1,11,RBA,LBC,Left;C;A,0,3,0,1,False,True,0,10432,23482,39620,41563,Right;B;A/Left;B;C,verify,spatial-relational
17,2,15,RBA,LBC,Right;A;C,0,3,0,1,False,True,0,9183,12701,18741,20311,Right;B;A/Left;B;C,verify,spatial-relational
17,4,7,RBA,LBC,Right;C;A,1,3,0,1,True,True,0,6034,16991,25261,26777,Right;B;A/Left;B;C,verify,spatial-relational
17,14,4,RBA,RCB,Left;A;C,1,4,0,1,True,True,0,4146,10202,14692,16286,Right;B;A/Right;C;B,verify,spatial-relational
17,11,12,RBA,RCB,Left;C;A,0,4,0,1,False,True,0,5705,14197,30600,32868,Right;B;A/Right;C;B,verify,spatial-relational
17,15,16,RBA,RCB,Right;A;C,0,4,0,1,False,True,0,15241,22636,26432,28472,Right;B;A/Right;C;B,verify,spatial-relational
17,9,8,RBA,RCB,Right;C;A,1,4,0,1,True,True,0,23325,28377,33609,34631,Right;B;A/Right;C;B,verify,spatial-relational
18,13,1,LAB,LBC,Left;A;C,1,1,0,1,True,True,0,7101,11473,14365,15599,Left;A;B/Left;B;C,verify,spatial-relational
18,12,9,LAB,LBC,Left;C;A,0,1,0,1,False,True,0,5669,9416,13081,15290,Left;A;B/Left;B;C,verify,spatial-relational
18,11,13,LAB,LBC,Right;A;C,0,1,0,1,False,True,0,7579,13390,19621,20797,Left;A;B/Left;B;C,verify,spatial-relational
18,6,5,LAB,LBC,Right;C;A,1,1,0,1,True,True,0,3261,8707,11738,14221,Left;A;B/Left;B;C,verify,spatial-relational
18,16,2,LAB,RCB,Left;A;C,1,2,0,1,True,True,1,4827,8396,10666,11742,Left;A;B/Right;C;B,verify,spatial-relational
18,4,10,LAB,RCB,Left;C;A,0,2,0,1,False,True,0,8425,12165,15993,17477,Left;A;B/Right;C;B,verify,spatial-relational
18,5,14,LAB,RCB,Right;A;C,0,2,0,1,False,True,0,4818,8628,11081,12501,Left;A;B/Right;C;B,verify,spatial-relational
18,14,6,LAB,RCB,Right;C;A,1,2,0,1,True,True,0,4784,7486,10779,12564,Left;A;B/Right;C;B,verify,spatial-relational
18,1,3,RBA,LBC,Left;A;C,1,3,0,1,True,True,0,4280,12832,16229,18023,Right;B;A/Left;B;C,verify,spatial-relational
18,2,11,RBA,LBC,Left;C;A,0,3,0,1,False,True,0,4968,11125,15680,18191,Right;B;A/Left;B;C,verify,spatial-relational
18,7,15,RBA,LBC,Right;A;C,0,3,0,1,True,False,0,8440,14188,21314,22381,Right;B;A/Left;B;C,verify,spatial-relational
18,10,7,RBA,LBC,Right;C;A,1,3,0,1,True,True,0,9342,15250,17684,19316,Right;B;A/Left;B;C,verify,spatial-relational
18,3,4,RBA,RCB,Left;A;C,1,4,0,1,True,True,0,22900,30704,34644,35775,Right;B;A/Right;C;B,verify,spatial-relational
18,15,12,RBA,RCB,Left;C;A,0,4,0,1,False,True,0,5097,7633,10393,12078,Right;B;A/Right;C;B,verify,spatial-relational
18,8,16,RBA,RCB,Right;A;C,0,4,0,1,False,True,0,13085,19402,25946,27715,Right;B;A/Right;C;B,verify,spatial-relational
18,9,8,RBA,RCB,Right;C;A,1,4,0,1,True,True,0,6107,12266,18195,20351,Right;B;A/Right;C;B,verify,spatial-relational
19,10,1,LAB,LBC,Left;A;C,1,1,0,1,True,True,0,7650,11875,15512,17235,Left;A;B/Left;B;C,verify,spatial-relational
19,4,9,LAB,LBC,Left;C;A,0,1,0,1,False,True,0,10225,16010,21003,23051,Left;A;B/Left;B;C,verify,spatial-relational
19,8,13,LAB,LBC,Right;A;C,0,1,0,1,False,True,0,8136,12635,18089,19234,Left;A;B/Left;B;C,verify,spatial-relational
19,12,5,LAB,LBC,Right;C;A,1,1,0,1,True,True,0,7781,13215,17510,18088,Left;A;B/Left;B;C,verify,spatial-relational
19,13,2,LAB,RCB,Left;A;C,1,2,0,1,True,True,0,8758,14080,19219,20577,Left;A;B/Right;C;B,verify,spatial-relational
19,16,10,LAB,RCB,Left;C;A,0,2,0,1,False,True,0,8292,12693,17117,19085,Left;A;B/Right;C;B,verify,spatial-relational
19,3,14,LAB,RCB,Right;A;C,0,2,0,1,True,False,0,2050,9457,12724,13192,Left;A;B/Right;C;B,verify,spatial-relational
19,11,6,LAB,RCB,Right;C;A,1,2,0,1,True,True,0,15001,20382,23188,24495,Left;A;B/Right;C;B,verify,spatial-relational
19,14,3,RBA,LBC,Left;A;C,1,3,0,1,True,True,0,9895,15202,20306,21619,Right;B;A/Left;B;C,verify,spatial-relational
19,1,11,RBA,LBC,Left;C;A,0,3,0,1,True,False,0,3124,6226,7794,11861,Right;B;A/Left;B;C,verify,spatial-relational
19,2,15,RBA,LBC,Right;A;C,0,3,0,1,True,False,0,1306,3363,5917,7174,Right;B;A/Left;B;C,verify,spatial-relational
19,7,7,RBA,LBC,Right;C;A,1,3,0,1,True,True,0,9683,11352,12003,15339,Right;B;A/Left;B;C,verify,spatial-relational
19,9,4,RBA,RCB,Left;A;C,1,4,0,1,True,True,0,11555,16328,19918,20664,Right;B;A/Right;C;B,verify,spatial-relational
19,15,12,RBA,RCB,Left;C;A,0,4,0,1,True,False,0,13626,26045,27590,29605,Right;B;A/Right;C;B,verify,spatial-relational
19,5,16,RBA,RCB,Right;A;C,0,4,0,1,False,True,0,6938,12128,18583,19767,Right;B;A/Right;C;B,verify,spatial-relational
19,6,8,RBA,RCB,Right;C;A,1,4,0,1,True,True,0,7248,11757,18050,21265,Right;B;A/Right;C;B,verify,spatial-relational
20,5,1,LAB,LBC,Left;A;C,1,1,0,1,True,True,0,4112,23991,31887,33159,Left;A;B/Left;B;C,verify,spatial-relational
20,6,9,LAB,LBC,Left;C;A,0,1,0,1,False,True,0,9976,14336,21296,21871,Left;A;B/Left;B;C,verify,spatial-relational
20,7,13,LAB,LBC,Right;A;C,0,1,0,1,False,True,0,3216,6656,12160,13527,Left;A;B/Left;B;C,verify,spatial-relational
20,13,5,LAB,LBC,Right;C;A,1,1,0,1,True,True,0,2592,5832,9199,10376,Left;A;B/Left;B;C,verify,spatial-relational
20,12,2,LAB,RCB,Left;A;C,1,2,0,1,True,True,0,5679,9392,14791,15751,Left;A;B/Right;C;B,verify,spatial-relational
20,15,10,LAB,RCB,Left;C;A,0,2,0,1,False,True,0,3096,7896,14567,15336,Left;A;B/Right;C;B,verify,spatial-relational
20,4,14,LAB,RCB,Right;A;C,0,2,0,1,False,True,0,4472,8880,15424,15992,Left;A;B/Right;C;B,verify,spatial-relational
20,8,6,LAB,RCB,Right;C;A,1,2,0,1,True,True,0,2376,6279,10271,11559,Left;A;B/Right;C;B,verify,spatial-relational
20,2,3,RBA,LBC,Left;A;C,1,3,0,1,True,True,0,4592,9976,19088,20695,Right;B;A/Left;B;C,verify,spatial-relational
20,11,11,RBA,LBC,Left;C;A,0,3,0,1,False,True,0,2744,8576,11975,12271,Right;B;A/Left;B;C,verify,spatial-relational
20,14,15,RBA,LBC,Right;A;C,0,3,0,1,False,True,0,5520,10072,13616,14528,Right;B;A/Left;B;C,verify,spatial-relational
20,10,7,RBA,LBC,Right;C;A,1,3,0,1,True,True,0,2543,16391,20375,21559,Right;B;A/Left;B;C,verify,spatial-relational
20,9,4,RBA,RCB,Left;A;C,1,4,0,1,True,True,0,3944,10672,15071,16296,Right;B;A/Right;C;B,verify,spatial-relational
20,1,12,RBA,RCB,Left;C;A,0,4,0,1,False,True,0,4215,10318,18110,22446,Right;B;A/Right;C;B,verify,spatial-relational
20,16,16,RBA,RCB,Right;A;C,0,4,0,1,False,True,0,6351,12191,16991,17462,Right;B;A/Right;C;B,verify,spatial-relational
20,3,8,RBA,RCB,Right;C;A,1,4,0,1,True,True,0,3256,9704,20784,22152,Right;B;A/Right;C;B,verify,spatial-relational
21,2,1,LAB,LBC,Left;A;C,1,1,0,1,True,True,0,6504,8240,12071,13367,Left;A;B/Left;B;C,verify,spatial-relational
21,4,9,LAB,LBC,Left;C;A,0,1,0,1,False,True,0,5377,9145,13840,14440,Left;A;B/Left;B;C,verify,spatial-relational
21,16,13,LAB,LBC,Right;A;C,0,1,0,1,False,True,0,3639,12416,14296,15163,Left;A;B/Left;B;C,verify,spatial-relational
21,8,5,LAB,LBC,Right;C;A,1,1,0,1,False,False,0,10801,16584,19264,20369,Left;A;B/Left;B;C,verify,spatial-relational
21,1,2,LAB,RCB,Left;A;C,1,2,0,1,True,True,0,2711,6702,8398,10775,Left;A;B/Right;C;B,verify,spatial-relational
21,5,10,LAB,RCB,Left;C;A,0,2,0,1,True,False,0,21338,22971,32914,34050,Left;A;B/Right;C;B,verify,spatial-relational
21,15,14,LAB,RCB,Right;A;C,0,2,0,1,False,True,0,4697,7481,10417,11432,Left;A;B/Right;C;B,verify,spatial-relational
21,10,6,LAB,RCB,Right;C;A,1,2,0,1,True,True,0,5857,13632,16760,17544,Left;A;B/Right;C;B,verify,spatial-relational
21,9,3,RBA,LBC,Left;A;C,1,3,0,1,True,True,0,4536,11391,13799,14071,Right;B;A/Left;B;C,verify,spatial-relational
21,3,11,RBA,LBC,Left;C;A,0,3,0,1,False,True,0,3105,11561,15336,16048,Right;B;A/Left;B;C,verify,spatial-relational
21,6,15,RBA,LBC,Right;A;C,0,3,0,1,True,False,0,7656,12520,16239,17007,Right;B;A/Left;B;C,verify,spatial-relational
21,12,7,RBA,LBC,Right;C;A,1,3,0,1,False,False,0,3497,13680,17016,18025,Right;B;A/Left;B;C,verify,spatial-relational
21,14,4,RBA,RCB,Left;A;C,1,4,0,1,True,True,0,2976,10239,12127,13071,Right;B;A/Right;C;B,verify,spatial-relational
21,13,12,RBA,RCB,Left;C;A,0,4,0,1,False,True,0,4096,11559,16944,18072,Right;B;A/Right;C;B,verify,spatial-relational
21,11,16,RBA,RCB,Right;A;C,0,4,0,1,False,True,0,5665,12464,16880,18232,Right;B;A/Right;C;B,verify,spatial-relational
21,7,8,RBA,RCB,Right;C;A,1,4,0,1,True,True,0,12689,16233,18752,19752,Right;B;A/Right;C;B,verify,spatial-relational
23,1,1,LAB,LBC,Left;A;C,1,1,0,1,True,True,0,7875,17125,20422,22765,Left;A;B/Left;B;C,verify,spatial-relational
23,15,9,LAB,LBC,Left;C;A,0,1,0,1,False,True,0,5188,8375,11735,12610,Left;A;B/Left;B;C,verify,spatial-relational
23,6,13,LAB,LBC,Right;A;C,0,1,0,1,True,False,0,1782,3485,4828,6094,Left;A;B/Left;B;C,verify,spatial-relational
23,16,5,LAB,LBC,Right;C;A,1,1,0,1,True,True,0,3782,6641,8704,9985,Left;A;B/Left;B;C,verify,spatial-relational
23,8,2,LAB,RCB,Left;A;C,1,2,0,1,True,True,0,14500,18078,25485,28172,Left;A;B/Right;C;B,verify,spatial-relational
23,9,10,LAB,RCB,Left;C;A,0,2,0,1,False,True,0,93344,96407,101829,102719,Left;A;B/Right;C;B,verify,spatial-relational
23,4,14,LAB,RCB,Right;A;C,0,2,0,1,False,True,0,4625,9125,11390,13062,Left;A;B/Right;C;B,verify,spatial-relational
23,10,6,LAB,RCB,Right;C;A,1,2,0,1,True,True,0,54781,57328,60859,61921,Left;A;B/Right;C;B,verify,spatial-relational
23,13,3,RBA,LBC,Left;A;C,1,3,0,1,True,True,0,4312,8437,12640,13640,Right;B;A/Left;B;C,verify,spatial-relational
23,7,11,RBA,LBC,Left;C;A,0,3,0,1,False,True,0,9250,14234,16844,17766,Right;B;A/Left;B;C,verify,spatial-relational
23,3,15,RBA,LBC,Right;A;C,0,3,0,1,False,True,0,45140,52531,60015,61687,Right;B;A/Left;B;C,verify,spatial-relational
23,2,7,RBA,LBC,Right;C;A,1,3,0,1,True,True,0,71468,84796,88062,89046,Right;B;A/Left;B;C,verify,spatial-relational
23,12,4,RBA,RCB,Left;A;C,1,4,0,1,True,True,0,3719,7094,9750,10829,Right;B;A/Right;C;B,verify,spatial-relational
23,11,12,RBA,RCB,Left;C;A,0,4,0,1,False,True,0,4781,7047,10922,11828,Right;B;A/Right;C;B,verify,spatial-relational
23,14,16,RBA,RCB,Right;A;C,0,4,0,1,False,True,0,3109,12515,17734,18687,Right;B;A/Right;C;B,verify,spatial-relational
23,5,8,RBA,RCB,Right;C;A,1,4,0,1,False,False,0,34843,41265,44328,45625,Right;B;A/Right;C;B,verify,spatial-relational
26,11,1,LAB,LBC,Left;A;C,1,1,0,1,True,True,0,15616,21376,27552,28080,Left;A;B/Left;B;C,verify,spatial-relational
26,6,9,LAB,LBC,Left;C;A,0,1,0,1,False,True,0,11231,20911,29743,30222,Left;A;B/Left;B;C,verify,spatial-relational
26,4,13,LAB,LBC,Right;A;C,0,1,0,1,False,True,0,19552,27344,31712,32720,Left;A;B/Left;B;C,verify,spatial-relational
26,15,5,LAB,LBC,Right;C;A,1,1,0,1,False,False,0,21184,54480,60720,61776,Left;A;B/Left;B;C,verify,spatial-relational
26,12,2,LAB,RCB,Left;A;C,1,2,0,1,True,True,0,20080,27712,34528,34928,Left;A;B/Right;C;B,verify,spatial-relational
26,10,10,LAB,RCB,Left;C;A,0,2,0,1,False,True,0,12399,26607,31471,31902,Left;A;B/Right;C;B,verify,spatial-relational
26,5,14,LAB,RCB,Right;A;C,0,2,0,1,False,True,0,8384,22304,27040,27424,Left;A;B/Right;C;B,verify,spatial-relational
26,7,6,LAB,RCB,Right;C;A,1,2,0,1,True,True,0,9280,22608,40704,42720,Left;A;B/Right;C;B,verify,spatial-relational
26,1,3,RBA,LBC,Left;A;C,1,3,0,1,True,True,0,27775,48399,64527,66416,Right;B;A/Left;B;C,verify,spatial-relational
26,3,11,RBA,LBC,Left;C;A,0,3,0,1,False,True,0,9296,20464,27072,28176,Right;B;A/Left;B;C,verify,spatial-relational
26,14,15,RBA,LBC,Right;A;C,0,3,0,1,True,False,0,20143,40495,56447,58559,Right;B;A/Left;B;C,verify,spatial-relational
26,16,7,RBA,LBC,Right;C;A,1,3,0,1,False,False,0,15039,31470,35679,36399,Right;B;A/Left;B;C,verify,spatial-relational
26,13,4,RBA,RCB,Left;A;C,1,4,0,1,False,False,0,26016,37216,43312,43664,Right;B;A/Right;C;B,verify,spatial-relational
26,2,12,RBA,RCB,Left;C;A,0,4,0,1,False,True,0,24096,37472,48800,50223,Right;B;A/Right;C;B,verify,spatial-relational
26,8,16,RBA,RCB,Right;A;C,0,4,0,1,False,True,0,20512,32096,36736,37200,Right;B;A/Right;C;B,verify,spatial-relational
26,9,8,RBA,RCB,Right;C;A,1,4,0,1,True,True,0,18736,32720,39024,39888,Right;B;A/Right;C;B,verify,spatial-relational
27,15,1,LAB,LBC,Left;A;C,1,1,0,1,False,False,0,5947,14312,15634,17513,Left;A;B/Left;B;C,verify,spatial-relational
27,14,9,LAB,LBC,Left;C;A,0,1,0,1,False,True,0,11248,14694,20066,20893,Left;A;B/Left;B;C,verify,spatial-relational
27,1,13,LAB,LBC,Right;A;C,0,1,0,1,True,False,0,2994,7924,9942,11466,Left;A;B/Left;B;C,verify,spatial-relational
27,7,5,LAB,LBC,Right;C;A,1,1,0,1,False,False,0,5777,13117,14732,15700,Left;A;B/Left;B;C,verify,spatial-relational
27,8,2,LAB,RCB,Left;A;C,1,2,0,1,True,True,0,4789,8203,10447,11748,Left;A;B/Right;C;B,verify,spatial-relational
27,2,10,LAB,RCB,Left;C;A,0,2,0,1,False,True,0,3939,7214,10163,11255,Left;A;B/Right;C;B,verify,spatial-relational
27,5,14,LAB,RCB,Right;A;C,0,2,0,1,False,True,0,6387,9695,13481,15961,Left;A;B/Right;C;B,verify,spatial-relational
27,4,6,LAB,RCB,Right;C;A,1,2,0,1,True,True,0,4943,10209,11926,14330,Left;A;B/Right;C;B,verify,spatial-relational
27,3,3,RBA,LBC,Left;A;C,1,3,0,1,True,True,0,4132,10296,14300,15655,Right;B;A/Left;B;C,verify,spatial-relational
27,6,11,RBA,LBC,Left;C;A,0,3,0,1,True,False,0,3263,7019,9157,10618,Right;B;A/Left;B;C,verify,spatial-relational
27,10,15,RBA,LBC,Right;A;C,0,3,0,1,True,False,0,7776,32515,38882,40031,Right;B;A/Left;B;C,verify,spatial-relational
27,12,7,RBA,LBC,Right;C;A,1,3,0,1,True,True,0,3201,5767,10630,13045,Right;B;A/Left;B;C,verify,spatial-relational
27,11,4,RBA,RCB,Left;A;C,1,4,0,1,False,False,0,5508,8079,9998,10839,Right;B;A/Right;C;B,verify,spatial-relational
27,13,16,RBA,RCB,Right;A;C,0,4,0,1,False,True,0,2993,6844,9733,10989,Right;B;A/Right;C;B,verify,spatial-relational
27,9,8,RBA,RCB,Right;C;A,1,4,0,1,False,False,0,5926,11814,13746,14503,Right;B;A/Right;C;B,verify,spatial-relational
28,12,1,LAB,LBC,Left;A;C,1,1,0,1,True,True,0,3995,7680,12175,15953,Left;A;B/Left;B;C,verify,spatial-relational
28,1,9,LAB,LBC,Left;C;A,0,1,0,1,False,True,0,6430,15671,18297,20260,Left;A;B/Left;B;C,verify,spatial-relational
28,7,13,LAB,LBC,Right;A;C,0,1,0,1,True,False,0,8916,13854,18495,21887,Left;A;B/Left;B;C,verify,spatial-relational
28,15,5,LAB,LBC,Right;C;A,1,1,0,1,True,True,0,6179,10105,14164,14836,Left;A;B/Left;B;C,verify,spatial-relational
28,10,2,LAB,RCB,Left;A;C,1,2,0,1,True,True,0,20668,22938,27054,27759,Left;A;B/Right;C;B,verify,spatial-relational
28,16,10,LAB,RCB,Left;C;A,0,2,0,1,True,False,0,6863,8714,11110,12145,Left;A;B/Right;C;B,verify,spatial-relational
28,5,14,LAB,RCB,Right;A;C,0,2,0,1,True,False,0,14696,21607,26895,27811,Left;A;B/Right;C;B,verify,spatial-relational
28,3,6,LAB,RCB,Right;C;A,1,2,0,1,True,True,0,3768,6116,11189,12571,Left;A;B/Right;C;B,verify,spatial-relational
28,8,3,RBA,LBC,Left;A;C,1,3,0,1,False,False,0,7517,15195,21091,21555,Right;B;A/Left;B;C,verify,spatial-relational
28,9,11,RBA,LBC,Left;C;A,0,3,0,1,False,True,0,6567,9965,13753,14177,Right;B;A/Left;B;C,verify,spatial-relational
28,13,15,RBA,LBC,Right;A;C,0,3,0,1,True,False,0,11377,14504,18201,19497,Right;B;A/Left;B;C,verify,spatial-relational
28,6,7,RBA,LBC,Right;C;A,1,3,0,1,True,True,0,4555,8373,14473,14969,Right;B;A/Left;B;C,verify,spatial-relational
28,4,4,RBA,RCB,Left;A;C,1,4,0,1,True,True,0,4586,8264,13966,14494,Right;B;A/Right;C;B,verify,spatial-relational
28,14,12,RBA,RCB,Left;C;A,0,4,0,1,True,False,0,5666,8089,10028,10750,Right;B;A/Right;C;B,verify,spatial-relational
28,2,16,RBA,RCB,Right;A;C,0,4,0,1,False,True,0,8346,16283,20243,21333,Right;B;A/Right;C;B,verify,spatial-relational
28,11,8,RBA,RCB,Right;C;A,1,4,0,1,True,True,0,4082,5949,11284,15172,Right;B;A/Right;C;B,verify,spatial-relational
30,8,1,LAB,LBC,Left;A;C,1,1,0,1,True,True,0,3360,4610,5797,6454,Left;A;B/Left;B;C,verify,spatial-relational
30,14,9,LAB,LBC,Left;C;A,0,1,0,1,False,True,0,1313,2375,4125,4797,Left;A;B/Left;B;C,verify,spatial-relational
30,16,13,LAB,LBC,Right;A;C,0,1,0,1,False,True,0,86579,88266,90172,90938,Left;A;B/Left;B;C,verify,spatial-relational
30,7,5,LAB,LBC,Right;C;A,1,1,0,1,True,True,0,2843,4797,6187,7047,Left;A;B/Left;B;C,verify,spatial-relational
30,12,2,LAB,RCB,Left;A;C,1,2,0,1,True,True,0,2250,4188,5735,6797,Left;A;B/Right;C;B,verify,spatial-relational
30,5,10,LAB,RCB,Left;C;A,0,2,0,1,False,True,0,2235,4313,7750,8594,Left;A;B/Right;C;B,verify,spatial-relational
30,1,14,LAB,RCB,Right;A;C,0,2,0,1,False,True,0,3000,4610,8000,9250,Left;A;B/Right;C;B,verify,spatial-relational
30,9,6,LAB,RCB,Right;C;A,1,2,0,1,True,True,0,1547,3406,4781,5250,Left;A;B/Right;C;B,verify,spatial-relational
30,11,3,RBA,LBC,Left;A;C,1,3,0,1,True,True,0,1546,4031,5296,5906,Right;B;A/Left;B;C,verify,spatial-relational
30,2,11,RBA,LBC,Left;C;A,0,3,0,1,False,True,0,3047,8844,12391,13797,Right;B;A/Left;B;C,verify,spatial-relational
30,13,15,RBA,LBC,Right;A;C,0,3,0,1,False,True,0,1422,2937,4422,5234,Right;B;A/Left;B;C,verify,spatial-relational
30,6,7,RBA,LBC,Right;C;A,1,3,0,1,True,True,0,1609,4765,6734,9156,Right;B;A/Left;B;C,verify,spatial-relational
30,10,4,RBA,RCB,Left;A;C,1,4,0,1,False,False,0,3422,5500,6547,7281,Right;B;A/Right;C;B,verify,spatial-relational
30,3,12,RBA,RCB,Left;C;A,0,4,0,1,False,True,0,2766,6422,9625,10719,Right;B;A/Right;C;B,verify,spatial-relational
30,4,16,RBA,RCB,Right;A;C,0,4,0,1,False,True,0,1609,4297,7438,8359,Right;B;A/Right;C;B,verify,spatial-relational
30,15,8,RBA,RCB,Right;C;A,1,4,0,1,True,True,0,30656,33672,36610,37656,Right;B;A/Right;C;B,verify,spatial-relational
31,3,1,LAB,LBC,Left;A;C,1,1,0,1,True,True,0,5524,16317,20367,21677,Left;A;B/Left;B;C,verify,spatial-relational
31,15,9,LAB,LBC,Left;C;A,0,1,0,1,False,True,0,4577,15354,26746,28230,Left;A;B/Left;B;C,verify,spatial-relational
31,14,13,LAB,LBC,Right;A;C,0,1,0,1,False,True,0,5202,14628,18744,19889,Left;A;B/Left;B;C,verify,spatial-relational
31,9,5,LAB,LBC,Right;C;A,1,1,0,1,True,True,0,5883,53902,68352,69893,Left;A;B/Left;B;C,verify,spatial-relational
31,8,2,LAB,RCB,Left;A;C,1,2,0,1,True,True,0,11494,19414,24350,25681,Left;A;B/Right;C;B,verify,spatial-relational
31,7,10,LAB,RCB,Left;C;A,0,2,0,1,False,True,0,8617,21207,40519,41906,Left;A;B/Right;C;B,verify,spatial-relational
31,4,14,LAB,RCB,Right;A;C,0,2,0,1,False,True,0,7152,12001,17234,18584,Left;A;B/Right;C;B,verify,spatial-relational
31,12,6,LAB,RCB,Right;C;A,1,2,0,1,True,True,0,6133,11427,20889,21928,Left;A;B/Right;C;B,verify,spatial-relational
31,2,3,RBA,LBC,Left;A;C,1,3,0,1,True,True,0,8162,58750,63144,64341,Right;B;A/Left;B;C,verify,spatial-relational
31,1,11,RBA,LBC,Left;C;A,0,3,0,1,True,False,0,9164,14826,21834,24661,Right;B;A/Left;B;C,verify,spatial-relational
31,16,15,RBA,LBC,Right;A;C,0,3,0,1,False,True,0,29542,47974,54168,59181,Right;B;A/Left;B;C,verify,spatial-relational
31,5,7,RBA,LBC,Right;C;A,1,3,0,1,False,False,0,10885,20172,33310,34502,Right;B;A/Left;B;C,verify,spatial-relational
31,11,4,RBA,RCB,Left;A;C,1,4,0,1,True,True,0,7342,12242,19266,20336,Right;B;A/Right;C;B,verify,spatial-relational
31,10,12,RBA,RCB,Left;C;A,0,4,0,1,True,False,0,7803,14284,31462,32695,Right;B;A/Right;C;B,verify,spatial-relational
31,6,16,RBA,RCB,Right;A;C,0,4,0,1,True,False,0,10306,22461,30493,31604,Right;B;A/Right;C;B,verify,spatial-relational
31,13,8,RBA,RCB,Right;C;A,1,4,0,1,False,False,0,8350,21534,31968,33120,Right;B;A/Right;C;B,verify,spatial-relational
32,12,1,LAB,LBC,Left;A;C,1,1,0,1,True,True,0,3911,8079,9854,10768,Left;A;B/Left;B;C,verify,spatial-relational
32,16,9,LAB,LBC,Left;C;A,0,1,0,1,False,True,0,5176,7944,11056,12919,Left;A;B/Left;B;C,verify,spatial-relational
32,2,13,LAB,LBC,Right;A;C,0,1,0,1,False,True,0,11848,17912,21232,23184,Left;A;B/Left;B;C,verify,spatial-relational
32,4,5,LAB,LBC,Right;C;A,1,1,0,1,True,True,0,8512,11624,15328,16440,Left;A;B/Left;B;C,verify,spatial-relational
32,10,2,LAB,RCB,Left;A;C,1,2,0,1,True,True,0,3912,6697,11193,12272,Left;A;B/Right;C;B,verify,spatial-relational
32,1,10,LAB,RCB,Left;C;A,0,2,0,1,False,True,0,7685,12653,23381,26189,Left;A;B/Right;C;B,verify,spatial-relational
32,7,14,LAB,RCB,Right;A;C,0,2,0,1,False,True,0,6584,10432,13544,14624,Left;A;B/Right;C;B,verify,spatial-relational
32,8,6,LAB,RCB,Right;C;A,1,2,0,1,True,True,0,4639,7391,11047,12207,Left;A;B/Right;C;B,verify,spatial-relational
32,14,3,RBA,LBC,Left;A;C,1,3,0,1,True,True,0,2856,7489,9929,11616,Right;B;A/Left;B;C,verify,spatial-relational
32,5,11,RBA,LBC,Left;C;A,0,3,0,1,True,False,0,7263,11263,14662,15838,Right;B;A/Left;B;C,verify,spatial-relational
32,13,15,RBA,LBC,Right;A;C,0,3,0,1,False,True,0,4152,7800,11368,12783,Right;B;A/Left;B;C,verify,spatial-relational
32,11,7,RBA,LBC,Right;C;A,1,3,0,1,True,True,0,4248,10168,12769,13968,Right;B;A/Left;B;C,verify,spatial-relational
32,3,4,RBA,RCB,Left;A;C,1,4,0,1,True,True,0,4971,10730,13499,15211,Right;B;A/Right;C;B,verify,spatial-relational
32,6,12,RBA,RCB,Left;C;A,0,4,0,1,False,True,0,23056,33311,35305,36448,Right;B;A/Right;C;B,verify,spatial-relational
32,15,16,RBA,RCB,Right;A;C,0,4,0,1,False,True,0,3704,6584,8232,9407,Right;B;A/Right;C;B,verify,spatial-relational
32,9,8,RBA,RCB,Right;C;A,1,4,0,1,True,True,0,6897,11760,12874,14047,Right;B;A/Right;C;B,verify,spatial-relational
33,12,1,LAB,LBC,Left;A;C,1,1,0,1,True,True,0,4000,9184,12544,13391,Left;A;B/Left;B;C,verify,spatial-relational
33,1,9,LAB,LBC,Left;C;A,0,1,0,1,True,False,0,4484,10836,15108,16948,Left;A;B/Left;B;C,verify,spatial-relational
33,3,13,LAB,LBC,Right;A;C,0,1,0,1,False,True,0,4975,9184,11552,12527,Left;A;B/Left;B;C,verify,spatial-relational
33,14,5,LAB,LBC,Right;C;A,1,1,0,1,True,True,0,6655,11951,16463,17518,Left;A;B/Left;B;C,verify,spatial-relational
33,11,2,LAB,RCB,Left;A;C,1,2,0,1,True,True,0,6752,9136,12704,13857,Left;A;B/Right;C;B,verify,spatial-relational
33,8,10,LAB,RCB,Left;C;A,0,2,0,1,False,True,0,142971,147898,154810,156393,Left;A;B/Right;C;B,verify,spatial-relational
33,16,14,LAB,RCB,Right;A;C,0,2,0,1,False,True,0,4527,8672,13727,14687,Left;A;B/Right;C;B,verify,spatial-relational
33,9,6,LAB,RCB,Right;C;A,1,2,0,1,True,True,0,7583,11758,16446,17486,Left;A;B/Right;C;B,verify,spatial-relational
33,6,3,RBA,LBC,Left;A;C,1,3,0,1,True,True,0,8462,14223,22286,23470,Right;B;A/Left;B;C,verify,spatial-relational
33,13,11,RBA,LBC,Left;C;A,0,3,0,1,False,True,0,5503,9984,14175,15407,Right;B;A/Left;B;C,verify,spatial-relational
33,4,15,RBA,LBC,Right;A;C,0,3,0,1,False,True,0,5903,9855,14559,15599,Right;B;A/Left;B;C,verify,spatial-relational
33,7,7,RBA,LBC,Right;C;A,1,3,0,1,True,True,0,6992,13136,18799,19903,Right;B;A/Left;B;C,verify,spatial-relational
33,10,4,RBA,RCB,Left;A;C,1,4,0,1,True,True,0,4399,8207,11903,13006,Right;B;A/Right;C;B,verify,spatial-relational
33,15,12,RBA,RCB,Left;C;A,0,4,0,1,False,True,0,9040,13391,18831,20094,Right;B;A/Right;C;B,verify,spatial-relational
33,2,16,RBA,RCB,Right;A;C,0,4,0,1,False,True,0,7135,11745,14975,16511,Right;B;A/Right;C;B,verify,spatial-relational
33,5,8,RBA,RCB,Right;C;A,1,4,0,1,True,True,0,8927,13088,18303,19391,Right;B;A/Right;C;B,verify,spatial-relational
34,13,1,LAB,LBC,Left;A;C,1,1,0,1,True,True,0,256,11119,23100,24268,Left;A;B/Left;B;C,verify,spatial-relational
34,2,9,LAB,LBC,Left;C;A,0,1,0,1,True,False,0,66820,67156,73950,76610,Left;A;B/Left;B;C,verify,spatial-relational
34,15,13,LAB,LBC,Right;A;C,0,1,0,1,True,False,0,7247,28155,32507,34762,Left;A;B/Left;B;C,verify,spatial-relational
34,16,5,LAB,LBC,Right;C;A,1,1,0,1,True,True,0,12558,31754,40282,41241,Left;A;B/Left;B;C,verify,spatial-relational
34,4,2,LAB,RCB,Left;A;C,1,2,0,1,True,True,0,3934,8573,20779,22810,Left;A;B/Right;C;B,verify,spatial-relational
34,1,10,LAB,RCB,Left;C;A,0,2,0,1,False,True,0,8445,17292,28634,30122,Left;A;B/Right;C;B,verify,spatial-relational
34,3,14,LAB,RCB,Right;A;C,0,2,0,1,False,True,0,11182,15519,35466,37389,Left;A;B/Right;C;B,verify,spatial-relational
34,10,6,LAB,RCB,Right;C;A,1,2,0,1,True,True,0,7166,13581,23595,24714,Left;A;B/Right;C;B,verify,spatial-relational
34,14,3,RBA,LBC,Left;A;C,1,3,0,1,False,False,0,6575,25371,33082,34137,Right;B;A/Left;B;C,verify,spatial-relational
34,5,11,RBA,LBC,Left;C;A,0,3,0,1,True,False,0,3587,7389,19918,21931,Right;B;A/Left;B;C,verify,spatial-relational
34,9,15,RBA,LBC,Right;A;C,0,3,0,1,False,True,0,5663,12386,24924,25787,Right;B;A/Left;B;C,verify,spatial-relational
34,7,7,RBA,LBC,Right;C;A,1,3,0,1,True,True,0,4959,10926,18733,19613,Right;B;A/Left;B;C,verify,spatial-relational
34,12,4,RBA,RCB,Left;A;C,1,4,0,1,True,True,0,2863,19601,25252,27100,Right;B;A/Right;C;B,verify,spatial-relational
34,8,12,RBA,RCB,Left;C;A,0,4,0,1,False,True,0,5871,13102,34586,35482,Right;B;A/Right;C;B,verify,spatial-relational
34,11,16,RBA,RCB,Right;A;C,0,4,0,1,False,True,0,2543,10557,21691,22683,Right;B;A/Right;C;B,verify,spatial-relational
34,6,8,RBA,RCB,Right;C;A,1,4,0,1,True,True,0,5420,11007,25657,26984,Right;B;A/Right;C;B,verify,spatial-relational
35,13,1,LAB,LBC,Left;A;C,1,1,0,1,True,True,0,5444,10732,17846,19079,Left;A;B/Left;B;C,verify,spatial-relational
35,2,9,LAB,LBC,Left;C;A,0,1,0,1,False,True,0,2496,6583,16489,17955,Left;A;B/Left;B;C,verify,spatial-relational
35,10,13,LAB,LBC,Right;A;C,0,1,0,1,False,True,0,12215,20327,28766,29905,Left;A;B/Left;B;C,verify,spatial-relational
35,1,5,LAB,LBC,Right;C;A,1,1,0,1,True,True,0,4399,8580,11497,14695,Left;A;B/Left;B;C,verify,spatial-relational
35,12,2,LAB,RCB,Left;A;C,1,2,0,1,False,False,0,4041,8253,13525,15054,Left;A;B/Right;C;B,verify,spatial-relational
35,11,10,LAB,RCB,Left;C;A,0,2,0,1,False,True,0,4228,8830,15990,17160,Left;A;B/Right;C;B,verify,spatial-relational
35,15,14,LAB,RCB,Right;A;C,0,2,0,1,False,True,0,3603,7503,12823,16504,Left;A;B/Right;C;B,verify,spatial-relational
35,7,6,LAB,RCB,Right;C;A,1,2,0,1,True,True,0,5648,9860,16037,17192,Left;A;B/Right;C;B,verify,spatial-relational
35,4,3,RBA,LBC,Left;A;C,1,3,0,1,True,True,0,4431,17004,19157,20452,Right;B;A/Left;B;C,verify,spatial-relational
35,5,11,RBA,LBC,Left;C;A,0,3,0,1,False,True,0,5959,13073,16099,17113,Right;B;A/Left;B;C,verify,spatial-relational
35,9,15,RBA,LBC,Right;A;C,0,3,0,1,False,True,0,5834,11684,17956,19094,Right;B;A/Left;B;C,verify,spatial-relational
35,3,7,RBA,LBC,Right;C;A,1,3,0,1,True,True,0,4461,11856,14477,16583,Right;B;A/Left;B;C,verify,spatial-relational
35,14,4,RBA,RCB,Left;A;C,1,4,0,1,True,True,0,9859,13821,21185,24055,Right;B;A/Right;C;B,verify,spatial-relational
35,16,12,RBA,RCB,Left;C;A,0,4,0,1,True,False,0,7738,17379,28345,31356,Right;B;A/Right;C;B,verify,spatial-relational
35,6,16,RBA,RCB,Right;A;C,0,4,0,1,True,False,0,10655,26411,30467,31793,Right;B;A/Right;C;B,verify,spatial-relational
35,8,8,RBA,RCB,Right;C;A,1,4,0,1,True,True,0,5444,12340,24601,26021,Right;B;A/Right;C;B,verify,spatial-relational
37,9,1,LAB,LBC,Left;A;C,1,1,0,1,True,True,0,1825,3473,6593,7521,Left;A;B/Left;B;C,verify,spatial-relational
37,1,9,LAB,LBC,Left;C;A,0,1,0,1,False,True,0,1847,9712,12472,13528,Left;A;B/Left;B;C,verify,spatial-relational
37,7,13,LAB,LBC,Right;A;C,0,1,0,1,False,True,0,1807,3831,6175,6895,Left;A;B/Left;B;C,verify,spatial-relational
37,6,5,LAB,LBC,Right;C;A,1,1,0,1,True,True,0,2160,5456,9384,10296,Left;A;B/Left;B;C,verify,spatial-relational
37,8,2,LAB,RCB,Left;A;C,1,2,0,1,True,True,0,1728,3640,5951,6727,Left;A;B/Right;C;B,verify,spatial-relational
37,4,10,LAB,RCB,Left;C;A,0,2,0,1,False,True,0,2960,20944,21496,23856,Left;A;B/Right;C;B,verify,spatial-relational
37,11,14,LAB,RCB,Right;A;C,0,2,0,1,False,True,0,2041,8072,10280,11312,Left;A;B/Right;C;B,verify,spatial-relational
37,10,6,LAB,RCB,Right;C;A,1,2,0,1,True,True,0,2320,4304,6839,7855,Left;A;B/Right;C;B,verify,spatial-relational
37,5,3,RBA,LBC,Left;A;C,1,3,0,1,True,True,0,2329,4096,7344,8376,Right;B;A/Left;B;C,verify,spatial-relational
37,12,11,RBA,LBC,Left;C;A,0,3,0,1,False,True,0,2479,6087,9168,9512,Right;B;A/Left;B;C,verify,spatial-relational
37,13,15,RBA,LBC,Right;A;C,0,3,0,1,False,True,0,2976,5999,7519,7879,Right;B;A/Left;B;C,verify,spatial-relational
37,2,7,RBA,LBC,Right;C;A,1,3,0,1,True,True,0,3679,6776,10360,11688,Right;B;A/Left;B;C,verify,spatial-relational
37,15,4,RBA,RCB,Left;A;C,1,4,0,1,True,True,0,2071,7031,9567,10607,Right;B;A/Right;C;B,verify,spatial-relational
37,16,12,RBA,RCB,Left;C;A,0,4,0,1,False,True,0,2505,5640,8448,9016,Right;B;A/Right;C;B,verify,spatial-relational
37,14,16,RBA,RCB,Right;A;C,0,4,0,1,False,True,0,4696,8321,10113,10545,Right;B;A/Right;C;B,verify,spatial-relational
37,3,8,RBA,RCB,Right;C;A,1,4,0,1,True,True,0,3287,6727,12072,12976,Right;B;A/Right;C;B,verify,spatial-relational
38,14,1,LAB,LBC,Left;A;C,1,1,0,1,True,True,0,1842,4214,7253,8290,Left;A;B/Left;B;C,verify,spatial-relational
38,11,9,LAB,LBC,Left;C;A,0,1,0,1,False,True,0,3247,6057,12539,13031,Left;A;B/Left;B;C,verify,spatial-relational
38,2,13,LAB,LBC,Right;A;C,0,1,0,1,False,True,0,4614,9450,19298,20080,Left;A;B/Left;B;C,verify,spatial-relational
38,5,5,LAB,LBC,Right;C;A,1,1,0,1,True,True,0,3079,18397,31864,32511,Left;A;B/Left;B;C,verify,spatial-relational
38,16,2,LAB,RCB,Left;A;C,1,2,0,1,True,True,0,2612,4838,7747,8369,Left;A;B/Right;C;B,verify,spatial-relational
38,3,10,LAB,RCB,Left;C;A,0,2,0,1,False,True,0,2872,8817,13868,14605,Left;A;B/Right;C;B,verify,spatial-relational
38,12,14,LAB,RCB,Right;A;C,0,2,0,1,False,True,0,2108,5087,8302,8752,Left;A;B/Right;C;B,verify,spatial-relational
38,9,6,LAB,RCB,Right;C;A,1,2,0,1,True,True,0,2042,5604,11709,12746,Left;A;B/Right;C;B,verify,spatial-relational
38,4,3,RBA,LBC,Left;A;C,1,3,0,1,False,False,0,3881,6800,19019,19472,Right;B;A/Left;B;C,verify,spatial-relational
38,8,11,RBA,LBC,Left;C;A,0,3,0,1,False,True,0,4319,9454,15658,16833,Right;B;A/Left;B;C,verify,spatial-relational
38,7,15,RBA,LBC,Right;A;C,0,3,0,1,False,True,0,14341,23815,28325,29508,Right;B;A/Left;B;C,verify,spatial-relational
38,6,7,RBA,LBC,Right;C;A,1,3,0,1,False,False,0,5400,15217,29963,32018,Right;B;A/Left;B;C,verify,spatial-relational
38,13,4,RBA,RCB,Left;A;C,1,4,0,1,True,True,0,2263,4086,7733,8499,Right;B;A/Right;C;B,verify,spatial-relational
38,15,12,RBA,RCB,Left;C;A,0,4,0,1,False,True,0,5057,7063,10995,11496,Right;B;A/Right;C;B,verify,spatial-relational
38,10,16,RBA,RCB,Right;A;C,0,4,0,1,False,True,0,3333,8441,12216,12918,Right;B;A/Right;C;B,verify,spatial-relational
38,1,8,RBA,RCB,Right;C;A,1,4,0,1,True,True,0,4790,11331,23666,25008,Right;B;A/Right;C;B,verify,spatial-relational
39,5,9,LAB,LBC,Left;C;A,0,1,0,1,False,True,0,5939,9329,14459,15989,Left;A;B/Left;B;C,verify,spatial-relational
39,7,5,LAB,LBC,Right;C;A,1,1,0,1,True,True,0,24913,32622,40421,41442,Left;A;B/Left;B;C,verify,spatial-relational
39,13,2,LAB,RCB,Left;A;C,1,2,0,1,True,True,0,11040,13740,18540,19710,Left;A;B/Right;C;B,verify,spatial-relational
39,11,10,LAB,RCB,Left;C;A,0,2,0,1,False,True,0,9720,15149,17790,18780,Left;A;B/Right;C;B,verify,spatial-relational
39,1,6,LAB,RCB,Right;C;A,1,2,0,1,True,True,0,6179,13452,18402,22962,Left;A;B/Right;C;B,verify,spatial-relational
39,4,3,RBA,LBC,Left;A;C,1,3,0,1,True,True,0,7589,11339,14549,15374,Right;B;A/Left;B;C,verify,spatial-relational
39,8,11,RBA,LBC,Left;C;A,0,3,0,1,False,True,0,5790,11939,17729,19559,Right;B;A/Left;B;C,verify,spatial-relational
39,6,15,RBA,LBC,Right;A;C,0,3,0,1,False,True,0,5413,12074,15974,17444,Right;B;A/Left;B;C,verify,spatial-relational
39,2,7,RBA,LBC,Right;C;A,1,3,0,1,True,True,0,17938,23728,28138,29398,Right;B;A/Left;B;C,verify,spatial-relational
39,3,4,RBA,RCB,Left;A;C,1,4,0,1,True,True,0,7259,13859,19109,20309,Right;B;A/Right;C;B,verify,spatial-relational
39,10,12,RBA,RCB,Left;C;A,0,4,0,1,False,True,0,5639,10979,18090,19830,Right;B;A/Right;C;B,verify,spatial-relational
39,9,16,RBA,RCB,Right;A;C,0,4,0,1,False,True,0,8263,22676,27537,28466,Right;B;A/Right;C;B,verify,spatial-relational
39,12,8,RBA,RCB,Right;C;A,1,4,0,1,True,True,0,5700,10320,13530,15570,Right;B;A/Right;C;B,verify,spatial-relational
