id,sequence,TaskID,Verbalpremise1,Verbalpremise2,Verbalpremise3,Verbalconclusion,logicallycorrect,Figuraleffect,Figure,premise order effect,response,response_correct,PremTime1,PremTime2,PremTime3,PremTime4,questionTime,rt_ms,task,response_type,choices,domain
3,1,206,C R B,D R C,B R A,A R B,0,0,4,2,False,True,0,9419,12566,19057,21539,22842,Right;C;B/Right;D;C/Right;B;A,verify,Right;A;B,spatial-relational
3,2,63,D R C,B R A,C R B,A L D,1,0,4,3,True,True,0,4437,10232,24468,26985,28526,Right;D;C/Right;B;A/Right;C;B,verify,Left;A;D,spatial-relational
3,3,19,B L C,A L B,C L D,A L D,1,0,1,2,True,True,0,14782,18760,23251,25600,26912,Left;B;C/Left;A;B/Left;C;D,verify,Left;A;D,spatial-relational
3,4,204,B R A,D R C,B R C,A R B,0,0,4,3,False,True,0,5615,10943,20215,32593,33774,Right;B;A/Right;D;C/Right;B;C,verify,Right;A;B,spatial-relational
3,5,118,C L D,B L C,A L B,D L A,0,0,1,1,False,True,0,3773,7386,12138,16260,17625,Left;C;D/Left;B;C/Left;A;B,verify,Left;D;A,spatial-relational
3,6,61,C R B,B R A,D R C,A L D,1,0,4,2,True,True,0,9145,14638,19286,21475,22398,Right;C;B/Right;B;A/Right;D;C,verify,Left;A;D,spatial-relational
3,7,158,C R B,D R C,B R A,D L A,0,0,4,2,False,True,0,8334,10883,15006,18102,19073,Right;C;B/Right;D;C/Right;B;A,verify,Left;D;A,spatial-relational
3,8,109,C R B,B R A,D R C,D R A,1,0,4,2,True,True,0,5822,9613,16585,21047,21942,Right;C;B/Right;B;A/Right;D;C,verify,Right;D;A,spatial-relational
3,9,155,B R A,C R B,D R C,D L A,0,0,4,1,False,True,0,2513,7149,11392,13263,14087,Right;B;A/Right;C;B/Right;D;C,verify,Left;D;A,spatial-relational
3,10,165,C L D,A L B,B L C,A R B,0,0,1,3,False,True,0,4178,8332,16160,18117,18953,Left;C;D/Left;A;B/Left;B;C,verify,Right;A;B,spatial-relational
3,11,166,C L D,B L C,A L B,A R B,0,0,1,1,False,True,0,2853,5950,8854,12289,12850,Left;C;D/Left;B;C/Left;A;B,verify,Right;A;B,spatial-relational
3,12,110,C R B,D R C,B R A,D R A,1,0,4,2,True,True,0,16611,21202,26190,28396,29448,Right;C;B/Right;D;C/Right;B;A,verify,Right;D;A,spatial-relational
3,13,162,A L B,C L D,B L C,A R B,0,0,1,3,False,True,0,8863,11737,17188,24437,25902,Left;A;B/Left;C;D/Left;B;C,verify,Right;A;B,spatial-relational
3,14,111,D R C,B R A,C R B,D R A,1,0,4,3,True,True,0,60687,69562,75956,81712,82570,Right;D;C/Right;B;A/Right;C;B,verify,Right;D;A,spatial-relational
3,15,66,A L B,C L D,B L C,D R A,1,0,1,3,True,True,0,5068,7987,12756,15665,16473,Left;A;B/Left;C;D/Left;B;C,verify,Right;D;A,spatial-relational
3,16,18,A L B,C L D,B L C,A L D,1,0,1,3,True,True,0,2891,5391,10670,14654,15539,Left;A;B/Left;C;D/Left;B;C,verify,Left;A;D,spatial-relational
3,17,207,D R C,B R A,C R B,A R B,0,0,4,3,False,True,0,3320,7579,11286,14764,15932,Right;D;C/Right;B;A/Right;C;B,verify,Right;A;B,spatial-relational
4,1,68,B L C,C L D,A L B,D R A,1,0,1,2,False,False,0,5315,8950,13220,14831,16516,Left;B;C/Left;C;D/Left;A;B,verify,Right;D;A,spatial-relational
4,2,208,D R C,C R B,B R A,A R B,0,0,4,1,False,True,0,3601,4693,6261,7651,10672,Right;D;C/Right;C;B/Right;B;A,verify,Right;A;B,spatial-relational
4,3,70,C L D,B L C,A L B,D R A,1,0,1,1,True,True,0,2420,3013,3590,3964,5103,Left;C;D/Left;B;C/Left;A;B,verify,Right;D;A,spatial-relational
4,4,159,D R C,B R A,C R B,D L A,0,0,4,3,False,True,0,609,905,1248,2434,5201,Right;D;C/Right;B;A/Right;C;B,verify,Left;D;A,spatial-relational
4,5,17,A L B,B L C,C L D,A L D,1,0,1,1,True,True,0,2636,4352,5397,6333,7285,Left;A;B/Left;B;C/Left;C;D,verify,Left;A;D,spatial-relational
4,6,18,A L B,C L D,B L C,A L D,1,0,1,3,True,True,0,1202,1826,2496,3245,4181,Left;A;B/Left;C;D/Left;B;C,verify,Left;A;D,spatial-relational
4,7,162,A L B,C L D,B L C,A R B,0,0,1,3,False,True,0,749,1295,2153,3728,4134,Left;A;B/Left;C;D/Left;B;C,verify,Right;A;B,spatial-relational
4,8,65,A L B,B L C,C L D,D R A,1,0,1,1,False,False,0,1201,1934,3104,4040,5449,Left;A;B/Left;B;C/Left;C;D,verify,Right;D;A,spatial-relational
4,9,205,C R B,B R A,D R C,A R B,0,0,4,2,True,False,0,1121,1989,2441,2995,3594,Right;C;B/Right;B;A/Right;D;C,verify,Right;A;B,spatial-relational
4,10,21,C L D,A L B,B L C,A L D,1,0,1,3,True,True,0,1571,2582,3425,4327,6272,Left;C;D/Left;A;B/Left;B;C,verify,Left;A;D,spatial-relational
4,11,107,B R A,C R B,D R C,D R A,1,0,4,1,True,True,0,795,1294,1903,2620,3686,Right;B;A/Right;C;B/Right;D;C,verify,Right;D;A,spatial-relational
4,12,164,B L C,C L D,A L B,A R B,0,0,1,2,False,True,0,1441,2283,2879,3744,4774,Left;B;C/Left;C;D/Left;A;B,verify,Right;A;B,spatial-relational
4,13,109,C R B,B R A,D R C,D R A,1,0,4,2,True,True,0,5399,6553,7068,7583,8503,Right;C;B/Right;B;A/Right;D;C,verify,Right;D;A,spatial-relational
4,14,156,B R A,D R C,B R C,D L A,0,0,4,3,False,True,0,1217,2146,2631,3749,4964,Right;B;A/Right;D;C/Right;B;C,verify,Left;D;A,spatial-relational
4,15,112,D R C,C R B,B R A,D R A,1,0,4,1,True,True,0,884,1659,3016,3906,5185,Right;D;C/Right;C;B/Right;B;A,verify,Right;D;A,spatial-relational
4,16,114,A L B,C L D,B L C,D L A,0,0,1,3,False,True,0,1123,2496,3494,4352,5834,Left;A;B/Left;C;D/Left;B;C,verify,Left;D;A,spatial-relational
4,17,163,B L C,A L B,C L D,A R B,0,0,1,2,False,True,0,858,1451,2090,3089,4103,Left;B;C/Left;A;B/Left;C;D,verify,Right;A;B,spatial-relational
4,18,60,B R A,D R C,B R C,A L D,1,0,4,3,False,False,0,858,1856,2537,2887,3817,Right;B;A/Right;D;C/Right;B;C,verify,Left;A;D,spatial-relational
4,19,20,B L C,C L D,A L B,A L D,1,0,1,2,False,False,0,826,1547,2078,2639,3894,Left;B;C/Left;C;D/Left;A;B,verify,Left;A;D,spatial-relational
4,20,158,C R B,D R C,B R A,D L A,0,0,4,2,False,True,0,546,905,1311,1810,2668,Right;C;B/Right;D;C/Right;B;A,verify,Left;D;A,spatial-relational
4,21,204,B R A,D R C,B R C,A R B,0,0,4,3,False,True,0,689,1152,1769,2393,5669,Right;B;A/Right;D;C/Right;B;C,verify,Right;A;B,spatial-relational
4,22,110,C R B,D R C,B R A,D R A,1,0,4,2,True,True,0,609,1124,1623,2138,3588,Right;C;B/Right;D;C/Right;B;A,verify,Right;D;A,spatial-relational
4,23,160,D R C,C R B,B R A,D L A,0,0,4,1,False,True,0,686,1123,1622,2137,3588,Right;D;C/Right;C;B/Right;B;A,verify,Left;D;A,spatial-relational
4,24,166,C L D,B L C,A L B,A R B,0,0,1,1,False,True,0,1185,1591,2230,3260,4446,Left;C;D/Left;B;C/Left;A;B,verify,Right;A;B,spatial-relational
4,25,118,C L D,B L C,A L B,D L A,0,0,1,1,True,False,0,530,998,1747,2293,3712,Left;C;D/Left;B;C/Left;A;B,verify,Left;D;A,spatial-relational
4,26,108,B R A,D R C,B R C,D R A,1,0,4,3,False,False,0,1295,1810,2309,2746,4243,Right;B;A/Right;D;C/Right;B;C,verify,Right;D;A,spatial-relational
4,27,117,C L D,A L B,B L C,D L A,0,0,1,3,True,False,0,802,1283,1813,2328,4356,Left;C;D/Left;A;B/Left;B;C,verify,Left;D;A,spatial-relational
4,28,69,C L D,A L B,B L C,D R A,1,0,1,3,False,False,0,650,1130,1590,2759,3601,Left;C;D/Left;A;B/Left;B;C,verify,Right;D;A,spatial-relational
4,29,19,B L C,A L B,C L D,A L D,1,0,1,2,True,True,0,952,1342,1763,2184,5764,Left;B;C/Left;A;B/Left;C;D,verify,Left;A;D,spatial-relational
4,30,206,C R B,D R C,B R A,A R B,0,0,4,2,True,False,0,670,1080,1450,1930,3050,Right;C;B/Right;D;C/Right;B;A,verify,Right;A;B,spatial-relational
4,31,111,D R C,B R A,C R B,D R A,1,0,4,3,True,True,0,718,1155,1753,2221,3397,Right;D;C/Right;B;A/Right;C;B,verify,Right;D;A,spatial-relational
4,32,62,C R B,D R C,B R A,A L D,1,0,4,2,False,False,0,414,991,1843,2206,3180,Right;C;B/Right;D;C/Right;B;A,verify,Left;A;D,spatial-relational
4,33,66,A L B,C L D,B L C,D R A,1,0,1,3,False,False,0,2174,2954,3422,4109,5114,Left;A;B/Left;C;D/Left;B;C,verify,Right;D;A,spatial-relational
4,34,113,A L B,B L C,C L D,D L A,0,0,1,1,False,True,0,738,1502,2189,2875,3858,Left;A;B/Left;B;C/Left;C;D,verify,Left;D;A,spatial-relational
4,35,161,A L B,B L C,C L D,A R B,0,0,1,1,False,True,0,595,1405,1842,2497,3152,Left;A;B/Left;B;C/Left;C;D,verify,Right;A;B,spatial-relational
4,36,67,B L C,A L B,C L D,D R A,1,0,1,2,False,False,0,952,1789,2823,3605,4548,Left;B;C/Left;A;B/Left;C;D,verify,Right;D;A,spatial-relational
4,37,59,B R A,C R B,D R C,A L D,1,0,4,1,False,False,0,828,1341,1886,2369,4219,Right;B;A/Right;C;B/Right;D;C,verify,Left;A;D,spatial-relational
4,38,165,C L D,A L B,B L C,A R B,0,0,1,3,False,True,0,740,1321,1898,2965,3776,Left;C;D/Left;A;B/Left;B;C,verify,Right;A;B,spatial-relational
4,39,22,C L D,B L C,A L B,A L D,1,0,1,1,True,True,0,640,1185,1706,2299,3834,Left;C;D/Left;B;C/Left;A;B,verify,Left;A;D,spatial-relational
4,40,203,B R A,C R B,D R C,A R B,0,0,4,1,True,False,0,574,1172,1640,2217,4229,Right;B;A/Right;C;B/Right;D;C,verify,Right;A;B,spatial-relational
4,41,155,B R A,C R B,D R C,D L A,0,0,4,1,False,True,0,905,1311,1763,2715,3526,Right;B;A/Right;C;B/Right;D;C,verify,Left;D;A,spatial-relational
4,42,207,D R C,B R A,C R B,A R B,0,0,4,3,True,False,0,530,1139,1607,2090,3089,Right;D;C/Right;B;A/Right;C;B,verify,Right;A;B,spatial-relational
4,43,63,D R C,B R A,C R B,A L D,1,0,4,3,False,False,0,764,1544,2012,3151,4243,Right;D;C/Right;B;A/Right;C;B,verify,Left;A;D,spatial-relational
4,44,61,C R B,B R A,D R C,A L D,1,0,4,2,True,True,0,780,1342,1919,3172,3652,Right;C;B/Right;B;A/Right;D;C,verify,Left;A;D,spatial-relational
4,45,157,C R B,B R A,D R C,D L A,0,0,4,2,False,True,0,608,1152,1677,2190,2991,Right;C;B/Right;B;A/Right;D;C,verify,Left;D;A,spatial-relational
4,46,116,B L C,C L D,A L B,D L A,0,0,1,2,True,False,0,1037,2067,2550,3034,4126,Left;B;C/Left;C;D/Left;A;B,verify,Left;D;A,spatial-relational
4,47,115,B L C,A L B,C L D,D L A,0,0,1,2,True,False,0,718,1139,1592,2278,3113,Left;B;C/Left;A;B/Left;C;D,verify,Left;D;A,spatial-relational
4,48,64,D R C,C R B,B R A,A L D,1,0,4,1,False,False,0,1498,2278,2746,3713,4228,Right;D;C/Right;C;B/Right;B;A,verify,Left;A;D,spatial-relational
13,1,208,D R C,C R B,B R A,A R B,0,0,4,1,False,True,0,1968,5517,7617,12790,13979,Right;D;C/Right;C;B/Right;B;A,verify,Right;A;B,spatial-relational
13,2,113,A L B,B L C,C L D,D L A,0,0,1,1,True,False,0,1253,2762,4812,8114,9483,Left;A;B/Left;B;C/Left;C;D,verify,Left;D;A,spatial-relational
13,3,63,D R C,B R A,C R B,A L D,1,0,4,3,True,True,0,4974,9090,15441,19747,20134,Right;D;C/Right;B;A/Right;C;B,verify,Left;A;D,spatial-relational
13,4,109,C R B,B R A,D R C,D R A,1,0,4,2,True,True,0,29835,31120,36242,38130,39389,Right;C;B/Right;B;A/Right;D;C,verify,Right;D;A,spatial-relational
13,5,155,B R A,C R B,D R C,D L A,0,0,4,1,True,False,0,1413,3846,10038,14574,15824,Right;B;A/Right;C;B/Right;D;C,verify,Left;D;A,spatial-relational
13,6,164,B L C,C L D,A L B,A R B,0,0,1,2,False,True,0,0,2025,3936,6000,6739,Left;B;C/Left;C;D/Left;A;B,verify,Right;A;B,spatial-relational
13,7,160,D R C,C R B,B R A,D L A,0,0,4,1,False,True,0,251,1402,2623,5898,6742,Right;D;C/Right;C;B/Right;B;A,verify,Left;D;A,spatial-relational
13,8,158,C R B,D R C,B R A,D L A,0,0,4,2,False,True,0,20334,25127,27892,29923,30748,Right;C;B/Right;D;C/Right;B;A,verify,Left;D;A,spatial-relational
13,9,116,B L C,C L D,A L B,D L A,0,0,1,2,False,True,0,79156,81460,85403,88162,88831,Left;B;C/Left;C;D/Left;A;B,verify,Left;D;A,spatial-relational
13,10,20,B L C,C L D,A L B,A L D,1,0,1,2,True,True,0,1164,2663,4839,6401,7985,Left;B;C/Left;C;D/Left;A;B,verify,Left;A;D,spatial-relational
13,11,69,C L D,A L B,B L C,D R A,1,0,1,3,True,True,0,1609,3605,7562,10537,12502,Left;C;D/Left;A;B/Left;B;C,verify,Right;D;A,spatial-relational
13,12,117,C L D,A L B,B L C,D L A,0,0,1,3,False,True,0,7189,9644,15081,17822,19326,Left;C;D/Left;A;B/Left;B;C,verify,Left;D;A,spatial-relational
13,13,70,C L D,B L C,A L B,D R A,1,0,1,1,True,True,0,1284,5949,11478,14633,15590,Left;C;D/Left;B;C/Left;A;B,verify,Right;D;A,spatial-relational
13,14,111,D R C,B R A,C R B,D R A,1,0,4,3,False,False,0,1390,3746,3902,4074,5603,Right;D;C/Right;B;A/Right;C;B,verify,Right;D;A,spatial-relational
13,15,204,B R A,D R C,B R C,A R B,0,0,4,3,True,False,0,3713,6214,8719,14334,15557,Right;B;A/Right;D;C/Right;B;C,verify,Right;A;B,spatial-relational
13,16,22,C L D,B L C,A L B,A L D,1,0,1,1,True,True,0,4449,7851,10757,15055,16331,Left;C;D/Left;B;C/Left;A;B,verify,Left;A;D,spatial-relational
13,17,65,A L B,B L C,C L D,D R A,1,0,1,1,False,False,0,29463,30605,32144,35352,36390,Left;A;B/Left;B;C/Left;C;D,verify,Right;D;A,spatial-relational
13,18,159,D R C,B R A,C R B,D L A,0,0,4,3,False,True,0,8422,11055,16108,18629,19342,Right;D;C/Right;B;A/Right;C;B,verify,Left;D;A,spatial-relational
13,19,205,C R B,B R A,D R C,A R B,0,0,4,2,False,True,0,37024,41355,43198,43421,43919,Right;C;B/Right;B;A/Right;D;C,verify,Right;A;B,spatial-relational
13,20,110,C R B,D R C,B R A,D R A,1,0,4,2,False,False,0,1069,2199,4754,6185,6613,Right;C;B/Right;D;C/Right;B;A,verify,Right;D;A,spatial-relational
13,21,112,D R C,C R B,B R A,D R A,1,0,4,1,True,True,0,1065,4333,6131,8867,10054,Right;D;C/Right;C;B/Right;B;A,verify,Right;D;A,spatial-relational
13,22,62,C R B,D R C,B R A,A L D,1,0,4,2,True,True,0,3390,9121,11215,13364,14112,Right;C;B/Right;D;C/Right;B;A,verify,Left;A;D,spatial-relational
13,23,157,C R B,B R A,D R C,D L A,0,0,4,2,False,True,0,6949,10286,18483,21647,22477,Right;C;B/Right;B;A/Right;D;C,verify,Left;D;A,spatial-relational
13,24,161,A L B,B L C,C L D,A R B,0,0,1,1,False,True,0,3547,7757,10966,14126,15129,Left;A;B/Left;B;C/Left;C;D,verify,Right;A;B,spatial-relational
13,25,68,B L C,C L D,A L B,D R A,1,0,1,2,True,True,0,1464,13958,16774,19067,20694,Left;B;C/Left;C;D/Left;A;B,verify,Right;D;A,spatial-relational
13,26,156,B R A,D R C,B R C,D L A,0,0,4,3,True,False,0,158214,163000,165033,166720,169576,Right;B;A/Right;D;C/Right;B;C,verify,Left;D;A,spatial-relational
13,27,21,C L D,A L B,B L C,A L D,1,0,1,3,False,False,0,255438,321293,322598,323271,324593,Left;C;D/Left;A;B/Left;B;C,verify,Left;A;D,spatial-relational
13,28,60,B R A,D R C,B R C,A L D,1,0,4,3,False,False,0,4656,8349,12208,13829,14672,Right;B;A/Right;D;C/Right;B;C,verify,Left;A;D,spatial-relational
13,29,162,A L B,C L D,B L C,A R B,0,0,1,3,True,False,0,1212,5330,7320,9656,10673,Left;A;B/Left;C;D/Left;B;C,verify,Right;A;B,spatial-relational
13,30,203,B R A,C R B,D R C,A R B,0,0,4,1,True,False,0,5043,12130,15551,32330,34277,Right;B;A/Right;C;B/Right;D;C,verify,Right;A;B,spatial-relational
13,31,17,A L B,B L C,C L D,A L D,1,0,1,1,True,True,0,14158,17970,20373,23321,24347,Left;A;B/Left;B;C/Left;C;D,verify,Left;A;D,spatial-relational
13,32,206,C R B,D R C,B R A,A R B,0,0,4,2,False,True,0,3214,6623,9651,13666,14048,Right;C;B/Right;D;C/Right;B;A,verify,Right;A;B,spatial-relational
13,33,165,C L D,A L B,B L C,A R B,0,0,1,3,False,True,0,1968,11267,13980,16093,16728,Left;C;D/Left;A;B/Left;B;C,verify,Right;A;B,spatial-relational
13,34,114,A L B,C L D,B L C,D L A,0,0,1,3,False,True,0,1088,3912,11240,16209,16625,Left;A;B/Left;C;D/Left;B;C,verify,Left;D;A,spatial-relational
13,35,115,B L C,A L B,C L D,D L A,0,0,1,2,False,True,0,25674,34122,36049,39917,41534,Left;B;C/Left;A;B/Left;C;D,verify,Left;D;A,spatial-relational
13,36,107,B R A,C R B,D R C,D R A,1,0,4,1,True,True,0,2367,6919,11390,15752,16796,Right;B;A/Right;C;B/Right;D;C,verify,Right;D;A,spatial-relational
13,37,67,B L C,A L B,C L D,D R A,1,0,1,2,True,True,0,7707,10489,13001,16671,18001,Left;B;C/Left;A;B/Left;C;D,verify,Right;D;A,spatial-relational
13,38,64,D R C,C R B,B R A,A L D,1,0,4,1,True,True,0,2282,4581,7603,12951,13885,Right;D;C/Right;C;B/Right;B;A,verify,Left;A;D,spatial-relational
13,39,19,B L C,A L B,C L D,A L D,1,0,1,2,True,True,0,2520,5746,9296,13561,14055,Left;B;C/Left;A;B/Left;C;D,verify,Left;A;D,spatial-relational
13,40,118,C L D,B L C,A L B,D L A,0,0,1,1,False,True,0,2531,4457,9346,12182,12764,Left;C;D/Left;B;C/Left;A;B,verify,Left;D;A,spatial-relational
13,41,59,B R A,C R B,D R C,A L D,1,0,4,1,True,True,0,1566,7199,12749,20811,21927,Right;B;A/Right;C;B/Right;D;C,verify,Left;A;D,spatial-relational
13,42,61,C R B,B R A,D R C,A L D,1,0,4,2,True,True,0,7372,12795,20151,25594,26757,Right;C;B/Right;B;A/Right;D;C,verify,Left;A;D,spatial-relational
13,43,66,A L B,C L D,B L C,D R A,1,0,1,3,True,True,0,70498,74920,82393,85604,86466,Left;A;B/Left;C;D/Left;B;C,verify,Right;D;A,spatial-relational
13,44,166,C L D,B L C,A L B,A R B,0,0,1,1,False,True,0,1610,2614,2796,2965,4124,Left;C;D/Left;B;C/Left;A;B,verify,Right;A;B,spatial-relational
13,45,108,B R A,D R C,B R C,D R A,1,0,4,3,True,True,0,187,331,548,933,1116,Right;B;A/Right;D;C/Right;B;C,verify,Right;D;A,spatial-relational
13,46,18,A L B,C L D,B L C,A L D,1,0,1,3,True,True,0,179,332,494,637,1053,Left;A;B/Left;C;D/Left;B;C,verify,Left;A;D,spatial-relational
13,47,207,D R C,B R A,C R B,A R B,0,0,4,3,False,True,0,185,341,500,931,1758,Right;D;C/Right;B;A/Right;C;B,verify,Right;A;B,spatial-relational
13,48,163,B L C,A L B,C L D,A R B,0,0,1,2,False,True,0,755,943,1110,1274,1900,Left;B;C/Left;A;B/Left;C;D,verify,Right;A;B,spatial-relational
15,1,160,D R C,C R B,B R A,D L A,0,0,4,1,False,True,0,7663,29904,37307,43406,44287,Right;D;C/Right;C;B/Right;B;A,verify,Left;D;A,spatial-relational
15,2,69,C L D,A L B,B L C,D R A,1,0,1,3,False,False,0,13034,27520,32824,36428,37036,Left;C;D/Left;A;B/Left;B;C,verify,Right;D;A,spatial-relational
15,3,63,D R C,B R A,C R B,A L D,1,0,4,3,True,True,0,22997,31108,67591,73686,78881,Right;D;C/Right;B;A/Right;C;B,verify,Left;A;D,spatial-relational
15,4,17,A L B,B L C,C L D,A L D,1,0,1,1,True,True,0,7796,14628,20458,25291,25690,Left;A;B/Left;B;C/Left;C;D,verify,Left;A;D,spatial-relational
15,5,65,A L B,B L C,C L D,D R A,1,0,1,1,True,True,0,7826,11550,17424,21621,22124,Left;A;B/Left;B;C/Left;C;D,verify,Right;D;A,spatial-relational
15,6,18,A L B,C L D,B L C,A L D,1,0,1,3,True,True,0,5860,23883,32524,42619,43161,Left;A;B/Left;C;D/Left;B;C,verify,Left;A;D,spatial-relational
15,7,166,C L D,B L C,A L B,A R B,0,0,1,1,False,True,0,5716,24177,28190,32842,38845,Left;C;D/Left;B;C/Left;A;B,verify,Right;A;B,spatial-relational
15,8,114,A L B,C L D,B L C,D L A,0,0,1,3,False,True,1,6622,25131,31377,45051,48409,Left;A;B/Left;C;D/Left;B;C,verify,Left;D;A,spatial-relational
15,9,161,A L B,B L C,C L D,A R B,0,0,1,1,False,True,0,4564,8164,12341,23641,24135,Left;A;B/Left;B;C/Left;C;D,verify,Right;A;B,spatial-relational
15,10,111,D R C,B R A,C R B,D R A,1,0,4,3,True,True,0,4476,16512,26511,32071,33025,Right;D;C/Right;B;A/Right;C;B,verify,Right;D;A,spatial-relational
15,11,62,C R B,D R C,B R A,A L D,1,0,4,2,True,True,0,5138,11791,17430,25525,25980,Right;C;B/Right;D;C/Right;B;A,verify,Left;A;D,spatial-relational
15,12,61,C R B,B R A,D R C,A L D,1,0,4,2,True,True,0,2514,11751,19329,24106,24502,Right;C;B/Right;B;A/Right;D;C,verify,Left;A;D,spatial-relational
15,13,115,B L C,A L B,C L D,D L A,0,0,1,2,False,True,0,4384,10542,17581,27258,27856,Left;B;C/Left;A;B/Left;C;D,verify,Left;D;A,spatial-relational
15,14,156,B R A,D R C,B R C,D L A,0,0,4,3,False,True,0,2560,10053,25974,26898,27324,Right;B;A/Right;D;C/Right;B;C,verify,Left;D;A,spatial-relational
15,15,20,B L C,C L D,A L B,A L D,1,0,1,2,True,True,0,3767,10543,33404,36050,36466,Left;B;C/Left;C;D/Left;A;B,verify,Left;A;D,spatial-relational
15,16,206,C R B,D R C,B R A,A R B,0,0,4,2,False,True,0,2896,11056,17931,26066,26686,Right;C;B/Right;D;C/Right;B;A,verify,Right;A;B,spatial-relational
15,17,107,B R A,C R B,D R C,D R A,1,0,4,1,True,True,0,2725,7899,11414,16642,16985,Right;B;A/Right;C;B/Right;D;C,verify,Right;D;A,spatial-relational
15,18,165,C L D,A L B,B L C,A R B,0,0,1,3,False,True,0,3142,17834,25339,31036,31679,Left;C;D/Left;A;B/Left;B;C,verify,Right;A;B,spatial-relational
15,19,117,C L D,A L B,B L C,D L A,0,0,1,3,False,True,0,4772,23017,35366,40659,41271,Left;C;D/Left;A;B/Left;B;C,verify,Left;D;A,spatial-relational
15,20,118,C L D,B L C,A L B,D L A,0,0,1,1,False,True,0,6241,15155,21557,26106,26617,Left;C;D/Left;B;C/Left;A;B,verify,Left;D;A,spatial-relational
15,21,67,B L C,A L B,C L D,D R A,1,0,1,2,True,True,0,3656,8355,14309,18827,19143,Left;B;C/Left;A;B/Left;C;D,verify,Right;D;A,spatial-relational
15,22,66,A L B,C L D,B L C,D R A,1,0,1,3,True,True,0,5930,18452,26326,30894,31331,Left;A;B/Left;C;D/Left;B;C,verify,Right;D;A,spatial-relational
15,23,113,A L B,B L C,C L D,D L A,0,0,1,1,False,True,0,4429,8603,19001,23648,24173,Left;A;B/Left;B;C/Left;C;D,verify,Left;D;A,spatial-relational
15,24,116,B L C,C L D,A L B,D L A,0,0,1,2,False,True,0,3506,6241,21031,24461,25168,Left;B;C/Left;C;D/Left;A;B,verify,Left;D;A,spatial-relational
15,25,22,C L D,B L C,A L B,A L D,1,0,1,1,True,True,0,2627,7491,12724,19020,19600,Left;C;D/Left;B;C/Left;A;B,verify,Left;A;D,spatial-relational
15,26,109,C R B,B R A,D R C,D R A,1,0,4,2,True,True,0,6036,22152,31012,35621,36102,Right;C;B/Right;B;A/Right;D;C,verify,Right;D;A,spatial-relational
15,27,207,D R C,B R A,C R B,A R B,0,0,4,3,False,True,0,12261,35832,36414,36965,37245,Right;D;C/Right;B;A/Right;C;B,verify,Right;A;B,spatial-relational
15,28,70,C L D,B L C,A L B,D R A,1,0,1,1,True,True,0,2518,6900,11804,18066,18434,Left;C;D/Left;B;C/Left;A;B,verify,Right;D;A,spatial-relational
15,29,164,B L C,C L D,A L B,A R B,0,0,1,2,False,True,0,6785,15747,21436,29663,30721,Left;B;C/Left;C;D/Left;A;B,verify,Right;A;B,spatial-relational
15,30,19,B L C,A L B,C L D,A L D,1,0,1,2,True,True,0,6343,21208,27659,34086,34904,Left;B;C/Left;A;B/Left;C;D,verify,Left;A;D,spatial-relational
15,31,64,D R C,C R B,B R A,A L D,1,0,4,1,True,True,0,3603,8666,22627,26950,27492,Right;D;C/Right;C;B/Right;B;A,verify,Left;A;D,spatial-relational
15,32,159,D R C,B R A,C R B,D L A,0,0,4,3,True,False,0,2448,31024,38757,44848,45865,Right;D;C/Right;B;A/Right;C;B,verify,Left;D;A,spatial-relational
15,33,108,B R A,D R C,B R C,D R A,1,0,4,3,True,True,0,5072,12349,23970,27283,27700,Right;B;A/Right;D;C/Right;B;C,verify,Right;D;A,spatial-relational
15,34,162,A L B,C L D,B L C,A R B,0,0,1,3,False,True,0,2304,11689,18940,25603,26254,Left;A;B/Left;C;D/Left;B;C,verify,Right;A;B,spatial-relational
15,35,163,B L C,A L B,C L D,A R B,0,0,1,2,True,False,0,2622,9524,36672,42582,42849,Left;B;C/Left;A;B/Left;C;D,verify,Right;A;B,spatial-relational
15,36,68,B L C,C L D,A L B,D R A,1,0,1,2,True,True,0,4212,8028,15021,19626,19976,Left;B;C/Left;C;D/Left;A;B,verify,Right;D;A,spatial-relational
15,37,204,B R A,D R C,B R C,A R B,0,0,4,3,False,True,0,2545,10620,29495,39985,40636,Right;B;A/Right;D;C/Right;B;C,verify,Right;A;B,spatial-relational
15,38,205,C R B,B R A,D R C,A R B,0,0,4,2,False,True,0,5284,10821,19553,23909,24400,Right;C;B/Right;B;A/Right;D;C,verify,Right;A;B,spatial-relational
15,39,158,C R B,D R C,B R A,D L A,0,0,4,2,False,True,0,2274,7184,19069,25785,26409,Right;C;B/Right;D;C/Right;B;A,verify,Left;D;A,spatial-relational
15,40,203,B R A,C R B,D R C,A R B,0,0,4,1,False,True,0,2264,5266,10866,16097,17414,Right;B;A/Right;C;B/Right;D;C,verify,Right;A;B,spatial-relational
15,41,157,C R B,B R A,D R C,D L A,0,0,4,2,False,True,0,2312,12400,18382,23382,23788,Right;C;B/Right;B;A/Right;D;C,verify,Left;D;A,spatial-relational
15,42,112,D R C,C R B,B R A,D R A,1,0,4,1,False,False,0,4051,9807,33960,43098,44306,Right;D;C/Right;C;B/Right;B;A,verify,Right;D;A,spatial-relational
15,43,155,B R A,C R B,D R C,D L A,0,0,4,1,False,True,0,11328,21697,28217,32953,33363,Right;B;A/Right;C;B/Right;D;C,verify,Left;D;A,spatial-relational
15,44,110,C R B,D R C,B R A,D R A,1,0,4,2,True,True,0,7960,11231,17496,24269,24543,Right;C;B/Right;D;C/Right;B;A,verify,Right;D;A,spatial-relational
15,45,21,C L D,A L B,B L C,A L D,1,0,1,3,True,True,0,2240,26257,40878,44639,45242,Left;C;D/Left;A;B/Left;B;C,verify,Left;A;D,spatial-relational
15,46,59,B R A,C R B,D R C,A L D,1,0,4,1,True,True,0,2713,7735,11799,19536,20299,Right;B;A/Right;C;B/Right;D;C,verify,Left;A;D,spatial-relational
15,47,60,B R A,D R C,B R C,A L D,1,0,4,3,False,False,0,1975,9069,25875,32457,33376,Right;B;A/Right;D;C/Right;B;C,verify,Left;A;D,spatial-relational
15,48,208,D R C,C R B,B R A,A R B,0,0,4,1,False,True,0,2199,13006,18189,23403,23669,Right;D;C/Right;C;B/Right;B;A,verify,Right;A;B,spatial-relational
16,1,117,C L D,A L B,B L C,D L A,0,0,1,3,False,True,0,16513,20857,22149,22406,24015,Left;C;D/Left;A;B/Left;B;C,verify,Left;D;A,spatial-relational
16,2,155,B R A,C R B,D R C,D L A,0,0,4,1,False,True,0,13948,20281,27708,32908,34336,Right;B;A/Right;C;B/Right;D;C,verify,Left;D;A,spatial-relational
16,3,64,D R C,C R B,B R A,A L D,1,0,4,1,True,True,0,8701,15181,30293,33151,34309,Right;D;C/Right;C;B/Right;B;A,verify,Left;A;D,spatial-relational
16,4,158,C R B,D R C,B R A,D L A,0,0,4,2,True,False,0,7365,16508,18940,20288,21333,Right;C;B/Right;D;C/Right;B;A,verify,Left;D;A,spatial-relational
16,5,203,B R A,C R B,D R C,A R B,0,0,4,1,False,True,0,4932,8642,15128,23496,25143,Right;B;A/Right;C;B/Right;D;C,verify,Right;A;B,spatial-relational
16,6,157,C R B,B R A,D R C,D L A,0,0,4,2,False,True,0,6806,15657,16165,16445,17328,Right;C;B/Right;B;A/Right;D;C,verify,Left;D;A,spatial-relational
16,7,70,C L D,B L C,A L B,D R A,1,0,1,1,True,True,0,8189,16949,23452,32886,34038,Left;C;D/Left;B;C/Left;A;B,verify,Right;D;A,spatial-relational
16,8,164,B L C,C L D,A L B,A R B,0,0,1,2,False,True,0,4920,9342,16776,22301,24047,Left;B;C/Left;C;D/Left;A;B,verify,Right;A;B,spatial-relational
16,9,163,B L C,A L B,C L D,A R B,0,0,1,2,True,False,0,9358,13430,37782,38013,39161,Left;B;C/Left;A;B/Left;C;D,verify,Right;A;B,spatial-relational
16,10,21,C L D,A L B,B L C,A L D,1,0,1,3,False,False,0,24900,27258,27630,27965,29088,Left;C;D/Left;A;B/Left;B;C,verify,Left;A;D,spatial-relational
16,11,111,D R C,B R A,C R B,D R A,1,0,4,3,True,True,0,1893,2296,2579,3536,4241,Right;D;C/Right;B;A/Right;C;B,verify,Right;D;A,spatial-relational
16,12,208,D R C,C R B,B R A,A R B,0,0,4,1,False,True,0,2075,2348,2773,3706,4376,Right;D;C/Right;C;B/Right;B;A,verify,Right;A;B,spatial-relational
16,13,113,A L B,B L C,C L D,D L A,0,0,1,1,False,True,0,413,812,1025,1400,2504,Left;A;B/Left;B;C/Left;C;D,verify,Left;D;A,spatial-relational
16,14,204,B R A,D R C,B R C,A R B,0,0,4,3,True,False,0,210,402,604,947,1725,Right;B;A/Right;D;C/Right;B;C,verify,Right;A;B,spatial-relational
16,15,118,C L D,B L C,A L B,D L A,0,0,1,1,False,True,0,207,407,580,1027,1491,Left;C;D/Left;B;C/Left;A;B,verify,Left;D;A,spatial-relational
16,16,109,C R B,B R A,D R C,D R A,1,0,4,2,False,False,0,219,724,923,1113,2191,Right;C;B/Right;B;A/Right;D;C,verify,Right;D;A,spatial-relational
16,17,17,A L B,B L C,C L D,A L D,1,0,1,1,True,True,0,2604,8160,10791,12220,13329,Left;A;B/Left;B;C/Left;C;D,verify,Left;A;D,spatial-relational
16,18,62,C R B,D R C,B R A,A L D,1,0,4,2,False,False,0,2906,8043,14247,22592,23890,Right;C;B/Right;D;C/Right;B;A,verify,Left;A;D,spatial-relational
16,19,19,B L C,A L B,C L D,A L D,1,0,1,2,True,True,0,13209,13457,13745,14451,16144,Left;B;C/Left;A;B/Left;C;D,verify,Left;A;D,spatial-relational
16,20,61,C R B,B R A,D R C,A L D,1,0,4,2,True,True,0,226,391,585,902,1700,Right;C;B/Right;B;A/Right;D;C,verify,Left;A;D,spatial-relational
16,21,66,A L B,C L D,B L C,D R A,1,0,1,3,False,False,0,186,403,665,1028,1935,Left;A;B/Left;C;D/Left;B;C,verify,Right;D;A,spatial-relational
16,22,65,A L B,B L C,C L D,D R A,1,0,1,1,True,True,0,2365,5236,7546,11839,12345,Left;A;B/Left;B;C/Left;C;D,verify,Right;D;A,spatial-relational
16,23,114,A L B,C L D,B L C,D L A,0,0,1,3,False,True,0,3535,15315,18283,18538,19865,Left;A;B/Left;C;D/Left;B;C,verify,Left;D;A,spatial-relational
16,24,156,B R A,D R C,B R C,D L A,0,0,4,3,True,False,0,4430,16100,29230,29612,30590,Right;B;A/Right;D;C/Right;B;C,verify,Left;D;A,spatial-relational
16,25,68,B L C,C L D,A L B,D R A,1,0,1,2,False,False,0,952,1165,1348,2169,2557,Left;B;C/Left;C;D/Left;A;B,verify,Right;D;A,spatial-relational
16,26,205,C R B,B R A,D R C,A R B,0,0,4,2,False,True,0,241,493,763,1134,1563,Right;C;B/Right;B;A/Right;D;C,verify,Right;A;B,spatial-relational
16,27,63,D R C,B R A,C R B,A L D,1,0,4,3,True,True,0,219,412,611,991,1749,Right;D;C/Right;B;A/Right;C;B,verify,Left;A;D,spatial-relational
16,28,115,B L C,A L B,C L D,D L A,0,0,1,2,False,True,1,199,379,555,1086,1499,Left;B;C/Left;A;B/Left;C;D,verify,Left;D;A,spatial-relational
16,29,59,B R A,C R B,D R C,A L D,1,0,4,1,True,True,0,220,416,633,1040,1792,Right;B;A/Right;C;B/Right;D;C,verify,Left;A;D,spatial-relational
16,30,107,B R A,C R B,D R C,D R A,1,0,4,1,False,False,0,196,420,615,809,1670,Right;B;A/Right;C;B/Right;D;C,verify,Right;D;A,spatial-relational
16,31,110,C R B,D R C,B R A,D R A,1,0,4,2,True,True,0,13128,14410,15001,15415,16379,Right;C;B/Right;D;C/Right;B;A,verify,Right;D;A,spatial-relational
16,32,67,B L C,A L B,C L D,D R A,1,0,1,2,False,False,0,429,961,1505,1893,2315,Left;B;C/Left;A;B/Left;C;D,verify,Right;D;A,spatial-relational
16,33,116,B L C,C L D,A L B,D L A,0,0,1,2,True,False,0,443,868,1255,1631,2019,Left;B;C/Left;C;D/Left;A;B,verify,Left;D;A,spatial-relational
16,34,60,B R A,D R C,B R C,A L D,1,0,4,3,True,True,0,275,521,829,1194,1614,Right;B;A/Right;D;C/Right;B;C,verify,Left;A;D,spatial-relational
16,35,112,D R C,C R B,B R A,D R A,1,0,4,1,False,False,0,342,787,1177,1537,1952,Right;D;C/Right;C;B/Right;B;A,verify,Right;D;A,spatial-relational
16,36,162,A L B,C L D,B L C,A R B,0,0,1,3,False,True,0,203,442,847,1232,2113,Left;A;B/Left;C;D/Left;B;C,verify,Right;A;B,spatial-relational
16,37,20,B L C,C L D,A L B,A L D,1,0,1,2,True,True,1,324,720,1068,1365,2704,Left;B;C/Left;C;D/Left;A;B,verify,Left;A;D,spatial-relational
16,38,160,D R C,C R B,B R A,D L A,0,0,4,1,False,True,1,314,740,1122,1422,1881,Right;D;C/Right;C;B/Right;B;A,verify,Left;D;A,spatial-relational
16,39,69,C L D,A L B,B L C,D R A,1,0,1,3,True,True,0,2768,8067,16546,33559,35647,Left;C;D/Left;A;B/Left;B;C,verify,Right;D;A,spatial-relational
16,40,207,D R C,B R A,C R B,A R B,0,0,4,3,False,True,0,4028,9479,22956,26394,27958,Right;D;C/Right;B;A/Right;C;B,verify,Right;A;B,spatial-relational
16,41,161,A L B,B L C,C L D,A R B,0,0,1,1,False,True,0,9020,28443,37023,49491,51043,Left;A;B/Left;B;C/Left;C;D,verify,Right;A;B,spatial-relational
16,42,18,A L B,C L D,B L C,A L D,1,0,1,3,True,True,1,3688,6904,11821,12105,13537,Left;A;B/Left;C;D/Left;B;C,verify,Left;A;D,spatial-relational
16,43,159,D R C,B R A,C R B,D L A,0,0,4,3,False,True,0,2802,7727,14079,21216,22609,Right;D;C/Right;B;A/Right;C;B,verify,Left;D;A,spatial-relational
16,44,22,C L D,B L C,A L B,A L D,1,0,1,1,True,True,0,2812,7910,10881,15984,17105,Left;C;D/Left;B;C/Left;A;B,verify,Left;A;D,spatial-relational
16,45,206,C R B,D R C,B R A,A R B,0,0,4,2,False,True,0,2043,2396,2811,3529,4151,Right;C;B/Right;D;C/Right;B;A,verify,Right;A;B,spatial-relational
16,46,108,B R A,D R C,B R C,D R A,1,0,4,3,True,True,0,211,423,796,1145,1626,Right;B;A/Right;D;C/Right;B;C,verify,Right;D;A,spatial-relational
16,47,165,C L D,A L B,B L C,A R B,0,0,1,3,False,True,0,216,429,884,1247,1589,Left;C;D/Left;A;B/Left;B;C,verify,Right;A;B,spatial-relational
16,48,166,C L D,B L C,A L B,A R B,0,0,1,1,True,False,0,250,472,682,1076,1544,Left;C;D/Left;B;C/Left;A;B,verify,Right;A;B,spatial-relational
19,1,155,B R A,C R B,D R C,D L A,0,0,4,1,True,False,0,5256,9475,11847,13271,21296,Right;B;A/Right;C;B/Right;D;C,verify,Left;D;A,spatial-relational
19,2,69,C L D,A L B,B L C,D R A,1,0,1,3,True,True,0,3368,10631,16704,18864,21152,Left;C;D/Left;A;B/Left;B;C,verify,Right;D;A,spatial-relational
19,3,162,A L B,C L D,B L C,A R B,0,0,1,3,False,True,0,8303,10672,12128,14360,15792,Left;A;B/Left;C;D/Left;B;C,verify,Right;A;B,spatial-relational
19,4,118,C L D,B L C,A L B,D L A,0,0,1,1,False,True,0,6982,13423,15887,17871,19838,Left;C;D/Left;B;C/Left;A;B,verify,Left;D;A,spatial-relational
19,5,116,B L C,C L D,A L B,D L A,0,0,1,2,True,False,0,14880,20767,27128,29896,31631,Left;B;C/Left;C;D/Left;A;B,verify,Left;D;A,spatial-relational
19,6,117,C L D,A L B,B L C,D L A,0,0,1,3,False,True,0,9384,13600,15456,17920,18255,Left;C;D/Left;A;B/Left;B;C,verify,Left;D;A,spatial-relational
19,7,160,D R C,C R B,B R A,D L A,0,0,4,1,True,False,0,4239,14456,18144,21191,22407,Right;D;C/Right;C;B/Right;B;A,verify,Left;D;A,spatial-relational
19,8,164,B L C,C L D,A L B,A R B,0,0,1,2,False,True,0,5577,12448,19585,25937,27032,Left;B;C/Left;C;D/Left;A;B,verify,Right;A;B,spatial-relational
19,9,70,C L D,B L C,A L B,D R A,1,0,1,1,False,False,0,5047,10496,18664,22863,23991,Left;C;D/Left;B;C/Left;A;B,verify,Right;D;A,spatial-relational
19,10,18,A L B,C L D,B L C,A L D,1,0,1,3,True,True,0,3041,7857,19265,21145,22745,Left;A;B/Left;C;D/Left;B;C,verify,Left;A;D,spatial-relational
19,11,163,B L C,A L B,C L D,A R B,0,0,1,2,False,True,0,2800,6184,10423,19272,20351,Left;B;C/Left;A;B/Left;C;D,verify,Right;A;B,spatial-relational
19,12,108,B R A,D R C,B R C,D R A,1,0,4,3,False,False,0,4671,10600,21039,24303,25327,Right;B;A/Right;D;C/Right;B;C,verify,Right;D;A,spatial-relational
19,13,21,C L D,A L B,B L C,A L D,1,0,1,3,True,True,0,4417,10769,14040,15848,17240,Left;C;D/Left;A;B/Left;B;C,verify,Left;A;D,spatial-relational
19,14,64,D R C,C R B,B R A,A L D,1,0,4,1,False,False,0,3537,6201,17304,24233,28208,Right;D;C/Right;C;B/Right;B;A,verify,Left;A;D,spatial-relational
19,15,111,D R C,B R A,C R B,D R A,1,0,4,3,False,False,0,2895,7416,13920,20391,21759,Right;D;C/Right;B;A/Right;C;B,verify,Right;D;A,spatial-relational
19,16,113,A L B,B L C,C L D,D L A,0,0,1,1,False,True,0,6089,9753,19504,23849,25857,Left;A;B/Left;B;C/Left;C;D,verify,Left;D;A,spatial-relational
19,17,165,C L D,A L B,B L C,A R B,0,0,1,3,False,True,0,3288,9463,10127,10720,11904,Left;C;D/Left;A;B/Left;B;C,verify,Right;A;B,spatial-relational
19,18,62,C R B,D R C,B R A,A L D,1,0,4,2,False,False,0,4600,7240,18032,20856,21840,Right;C;B/Right;D;C/Right;B;A,verify,Left;A;D,spatial-relational
19,19,159,D R C,B R A,C R B,D L A,0,0,4,3,False,True,0,3376,7703,17360,18664,20239,Right;D;C/Right;B;A/Right;C;B,verify,Left;D;A,spatial-relational
19,20,205,C R B,B R A,D R C,A R B,0,0,4,2,True,False,0,4527,14000,17535,22271,23479,Right;C;B/Right;B;A/Right;D;C,verify,Right;A;B,spatial-relational
19,21,59,B R A,C R B,D R C,A L D,1,0,4,1,True,True,0,2425,5593,9745,15896,17448,Right;B;A/Right;C;B/Right;D;C,verify,Left;A;D,spatial-relational
19,22,107,B R A,C R B,D R C,D R A,1,0,4,1,False,False,0,16936,20065,23505,25633,26856,Right;B;A/Right;C;B/Right;D;C,verify,Right;D;A,spatial-relational
19,23,115,B L C,A L B,C L D,D L A,0,0,1,2,True,False,0,2727,6495,11024,13696,14776,Left;B;C/Left;A;B/Left;C;D,verify,Left;D;A,spatial-relational
19,24,65,A L B,B L C,C L D,D R A,1,0,1,1,True,True,0,3438,17095,21622,25078,26366,Left;A;B/Left;B;C/Left;C;D,verify,Right;D;A,spatial-relational
19,25,68,B L C,C L D,A L B,D R A,1,0,1,2,False,False,0,2649,5817,19065,19529,20697,Left;B;C/Left;C;D/Left;A;B,verify,Right;D;A,spatial-relational
19,26,156,B R A,D R C,B R C,D L A,0,0,4,3,True,False,0,3480,9271,24656,27263,28631,Right;B;A/Right;D;C/Right;B;C,verify,Left;D;A,spatial-relational
19,27,204,B R A,D R C,B R C,A R B,0,0,4,3,False,True,1,4473,11505,18272,19248,20360,Right;B;A/Right;D;C/Right;B;C,verify,Right;A;B,spatial-relational
19,28,60,B R A,D R C,B R C,A L D,1,0,4,3,True,True,0,2304,8488,20208,25144,25744,Right;B;A/Right;D;C/Right;B;C,verify,Left;A;D,spatial-relational
19,29,206,C R B,D R C,B R A,A R B,0,0,4,2,False,True,0,2215,5647,10328,18648,20303,Right;C;B/Right;D;C/Right;B;A,verify,Right;A;B,spatial-relational
19,30,157,C R B,B R A,D R C,D L A,0,0,4,2,True,False,0,3071,5216,16911,18791,20095,Right;C;B/Right;B;A/Right;D;C,verify,Left;D;A,spatial-relational
19,31,61,C R B,B R A,D R C,A L D,1,0,4,2,False,False,0,3545,6449,21801,26737,28320,Right;C;B/Right;B;A/Right;D;C,verify,Left;A;D,spatial-relational
19,32,109,C R B,B R A,D R C,D R A,1,0,4,2,True,True,0,3119,5807,17328,21199,22823,Right;C;B/Right;B;A/Right;D;C,verify,Right;D;A,spatial-relational
19,33,20,B L C,C L D,A L B,A L D,1,0,1,2,True,True,0,5625,8809,13512,26561,27936,Left;B;C/Left;C;D/Left;A;B,verify,Left;A;D,spatial-relational
19,34,17,A L B,B L C,C L D,A L D,1,0,1,1,True,True,0,5071,8487,10032,13072,14424,Left;A;B/Left;B;C/Left;C;D,verify,Left;A;D,spatial-relational
19,35,19,B L C,A L B,C L D,A L D,1,0,1,2,False,False,0,3136,10719,15520,18864,21079,Left;B;C/Left;A;B/Left;C;D,verify,Left;A;D,spatial-relational
19,36,110,C R B,D R C,B R A,D R A,1,0,4,2,True,True,0,4639,12208,20167,28296,29912,Right;C;B/Right;D;C/Right;B;A,verify,Right;D;A,spatial-relational
19,37,112,D R C,C R B,B R A,D R A,1,0,4,1,True,True,0,3912,8687,13480,19824,21040,Right;D;C/Right;C;B/Right;B;A,verify,Right;D;A,spatial-relational
19,38,208,D R C,C R B,B R A,A R B,0,0,4,1,False,True,0,4279,14768,21279,26096,27400,Right;D;C/Right;C;B/Right;B;A,verify,Right;A;B,spatial-relational
19,39,166,C L D,B L C,A L B,A R B,0,0,1,1,True,False,0,5328,12343,15880,20448,21680,Left;C;D/Left;B;C/Left;A;B,verify,Right;A;B,spatial-relational
19,40,22,C L D,B L C,A L B,A L D,1,0,1,1,True,True,0,5007,9303,17656,23511,24527,Left;C;D/Left;B;C/Left;A;B,verify,Left;A;D,spatial-relational
19,41,66,A L B,C L D,B L C,D R A,1,0,1,3,True,True,0,3912,7648,12312,15439,16679,Left;A;B/Left;C;D/Left;B;C,verify,Right;D;A,spatial-relational
19,42,207,D R C,B R A,C R B,A R B,0,0,4,3,False,True,0,4192,6592,21072,22640,23832,Right;D;C/Right;B;A/Right;C;B,verify,Right;A;B,spatial-relational
19,43,161,A L B,B L C,C L D,A R B,0,0,1,1,False,True,0,2272,5264,8431,13583,14616,Left;A;B/Left;B;C/Left;C;D,verify,Right;A;B,spatial-relational
19,44,158,C R B,D R C,B R A,D L A,0,0,4,2,True,False,0,5808,15375,22776,26096,27367,Right;C;B/Right;D;C/Right;B;A,verify,Left;D;A,spatial-relational
19,45,67,B L C,A L B,C L D,D R A,1,0,1,2,True,True,0,2927,8136,11168,16528,17759,Left;B;C/Left;A;B/Left;C;D,verify,Right;D;A,spatial-relational
19,46,114,A L B,C L D,B L C,D L A,0,0,1,3,True,False,0,4663,10488,16887,20583,22663,Left;A;B/Left;C;D/Left;B;C,verify,Left;D;A,spatial-relational
19,47,63,D R C,B R A,C R B,A L D,1,0,4,3,True,True,0,2328,6720,18144,20168,21568,Right;D;C/Right;B;A/Right;C;B,verify,Left;A;D,spatial-relational
19,48,203,B R A,C R B,D R C,A R B,0,0,4,1,True,False,0,2496,6159,11471,16104,17288,Right;B;A/Right;C;B/Right;D;C,verify,Right;A;B,spatial-relational
24,1,166,C L D,B L C,A L B,A R B,0,0,1,1,False,True,0,4072,11107,12064,13209,14492,Left;C;D/Left;B;C/Left;A;B,verify,Right;A;B,spatial-relational
24,2,116,B L C,C L D,A L B,D L A,0,0,1,2,True,False,0,4508,8214,10424,15056,16490,Left;B;C/Left;C;D/Left;A;B,verify,Left;D;A,spatial-relational
24,3,20,B L C,C L D,A L B,A L D,1,0,1,2,True,True,0,2599,7658,9601,13930,15527,Left;B;C/Left;C;D/Left;A;B,verify,Left;A;D,spatial-relational
24,4,164,B L C,C L D,A L B,A R B,0,0,1,2,True,False,0,4861,11852,14580,16833,26315,Left;B;C/Left;C;D/Left;A;B,verify,Right;A;B,spatial-relational
24,5,70,C L D,B L C,A L B,D R A,1,0,1,1,False,False,0,3098,5766,8307,10665,12485,Left;C;D/Left;B;C/Left;A;B,verify,Right;D;A,spatial-relational
24,6,203,B R A,C R B,D R C,A R B,0,0,4,1,True,False,0,2488,6549,8884,9353,11319,Right;B;A/Right;C;B/Right;D;C,verify,Right;A;B,spatial-relational
24,7,108,B R A,D R C,B R C,D R A,1,0,4,3,True,True,0,2012,4198,8014,9457,10628,Right;B;A/Right;D;C/Right;B;C,verify,Right;D;A,spatial-relational
24,8,68,B L C,C L D,A L B,D R A,1,0,1,2,True,True,0,2228,7240,10190,12877,14002,Left;B;C/Left;C;D/Left;A;B,verify,Right;D;A,spatial-relational
24,9,155,B R A,C R B,D R C,D L A,0,0,4,1,True,False,0,1304,1665,1968,2555,5769,Right;B;A/Right;C;B/Right;D;C,verify,Left;D;A,spatial-relational
24,10,107,B R A,C R B,D R C,D R A,1,0,4,1,False,False,0,2669,4168,5076,5946,8234,Right;B;A/Right;C;B/Right;D;C,verify,Right;D;A,spatial-relational
24,11,113,A L B,B L C,C L D,D L A,0,0,1,1,False,True,0,4654,8147,10785,13529,15751,Left;A;B/Left;B;C/Left;C;D,verify,Left;D;A,spatial-relational
24,12,66,A L B,C L D,B L C,D R A,1,0,1,3,True,True,0,10659,14212,17153,18853,20259,Left;A;B/Left;C;D/Left;B;C,verify,Right;D;A,spatial-relational
24,13,160,D R C,C R B,B R A,D L A,0,0,4,1,False,True,0,6414,30388,38531,39998,43852,Right;D;C/Right;C;B/Right;B;A,verify,Left;D;A,spatial-relational
24,14,163,B L C,A L B,C L D,A R B,0,0,1,2,True,False,0,3270,14407,21922,23639,25332,Left;B;C/Left;A;B/Left;C;D,verify,Right;A;B,spatial-relational
24,15,21,C L D,A L B,B L C,A L D,1,0,1,3,True,True,0,6106,7671,11535,13694,14848,Left;C;D/Left;A;B/Left;B;C,verify,Left;A;D,spatial-relational
24,16,114,A L B,C L D,B L C,D L A,0,0,1,3,True,False,0,2167,3736,6126,7209,8451,Left;A;B/Left;C;D/Left;B;C,verify,Left;D;A,spatial-relational
24,17,69,C L D,A L B,B L C,D R A,1,0,1,3,True,True,0,2797,4959,7690,9779,10682,Left;C;D/Left;A;B/Left;B;C,verify,Right;D;A,spatial-relational
24,18,165,C L D,A L B,B L C,A R B,0,0,1,3,False,True,0,1768,4634,7242,8559,10207,Left;C;D/Left;A;B/Left;B;C,verify,Right;A;B,spatial-relational
24,19,65,A L B,B L C,C L D,D R A,1,0,1,1,False,False,0,1875,5232,6349,6857,7993,Left;A;B/Left;B;C/Left;C;D,verify,Right;D;A,spatial-relational
24,20,111,D R C,B R A,C R B,D R A,1,0,4,3,True,True,0,4862,7659,13837,16652,17881,Right;D;C/Right;B;A/Right;C;B,verify,Right;D;A,spatial-relational
24,21,19,B L C,A L B,C L D,A L D,1,0,1,2,False,False,0,703,1016,1269,1603,4075,Left;B;C/Left;A;B/Left;C;D,verify,Left;A;D,spatial-relational
24,22,159,D R C,B R A,C R B,D L A,0,0,4,3,True,False,0,954,1339,1631,1933,3035,Right;D;C/Right;B;A/Right;C;B,verify,Left;D;A,spatial-relational
24,23,205,C R B,B R A,D R C,A R B,0,0,4,2,False,True,0,466,698,916,1147,2094,Right;C;B/Right;B;A/Right;D;C,verify,Right;A;B,spatial-relational
24,24,208,D R C,C R B,B R A,A R B,0,0,4,1,True,False,0,403,610,808,1023,1908,Right;D;C/Right;C;B/Right;B;A,verify,Right;A;B,spatial-relational
24,25,156,B R A,D R C,B R C,D L A,0,0,4,3,False,True,0,374,578,788,1003,1938,Right;B;A/Right;D;C/Right;B;C,verify,Left;D;A,spatial-relational
24,26,109,C R B,B R A,D R C,D R A,1,0,4,2,True,True,0,409,618,804,1009,1912,Right;C;B/Right;B;A/Right;D;C,verify,Right;D;A,spatial-relational
24,27,204,B R A,D R C,B R C,A R B,0,0,4,3,False,True,0,357,583,794,1122,2193,Right;B;A/Right;D;C/Right;B;C,verify,Right;A;B,spatial-relational
24,28,162,A L B,C L D,B L C,A R B,0,0,1,3,True,False,0,414,633,858,1068,2003,Left;A;B/Left;C;D/Left;B;C,verify,Right;A;B,spatial-relational
24,29,59,B R A,C R B,D R C,A L D,1,0,4,1,False,False,0,434,671,904,1124,2019,Right;B;A/Right;C;B/Right;D;C,verify,Left;A;D,spatial-relational
24,30,60,B R A,D R C,B R C,A L D,1,0,4,3,True,True,0,430,665,879,1104,2040,Right;B;A/Right;D;C/Right;B;C,verify,Left;A;D,spatial-relational
24,31,117,C L D,A L B,B L C,D L A,0,0,1,3,True,False,0,387,599,816,1040,1811,Left;C;D/Left;A;B/Left;B;C,verify,Left;D;A,spatial-relational
24,32,67,B L C,A L B,C L D,D R A,1,0,1,2,True,True,0,397,614,820,1048,1782,Left;B;C/Left;A;B/Left;C;D,verify,Right;D;A,spatial-relational
24,33,61,C R B,B R A,D R C,A L D,1,0,4,2,True,True,0,393,610,831,1051,1854,Right;C;B/Right;B;A/Right;D;C,verify,Left;A;D,spatial-relational
24,34,62,C R B,D R C,B R A,A L D,1,0,4,2,False,False,0,402,624,821,1168,2008,Right;C;B/Right;D;C/Right;B;A,verify,Left;A;D,spatial-relational
24,35,18,A L B,C L D,B L C,A L D,1,0,1,3,False,False,0,376,595,801,1035,1967,Left;A;B/Left;C;D/Left;B;C,verify,Left;A;D,spatial-relational
24,36,110,C R B,D R C,B R A,D R A,1,0,4,2,True,True,0,434,662,866,1091,2480,Right;C;B/Right;D;C/Right;B;A,verify,Right;D;A,spatial-relational
24,37,112,D R C,C R B,B R A,D R A,1,0,4,1,False,False,0,374,573,766,981,1700,Right;D;C/Right;C;B/Right;B;A,verify,Right;D;A,spatial-relational
24,38,157,C R B,B R A,D R C,D L A,0,0,4,2,False,True,0,386,593,794,999,1734,Right;C;B/Right;B;A/Right;D;C,verify,Left;D;A,spatial-relational
24,39,161,A L B,B L C,C L D,A R B,0,0,1,1,False,True,0,1791,4093,6440,11348,13346,Left;A;B/Left;B;C/Left;C;D,verify,Right;A;B,spatial-relational
24,40,207,D R C,B R A,C R B,A R B,0,0,4,3,True,False,0,2147,3582,6065,7657,9270,Right;D;C/Right;B;A/Right;C;B,verify,Right;A;B,spatial-relational
24,41,22,C L D,B L C,A L B,A L D,1,0,1,1,False,False,1,422,631,823,982,5608,Left;C;D/Left;B;C/Left;A;B,verify,Left;A;D,spatial-relational
24,42,158,C R B,D R C,B R A,D L A,0,0,4,2,True,False,0,1710,3286,4480,5342,6231,Right;C;B/Right;D;C/Right;B;A,verify,Left;D;A,spatial-relational
24,43,115,B L C,A L B,C L D,D L A,0,0,1,2,True,False,0,1456,3949,5418,7987,8905,Left;B;C/Left;A;B/Left;C;D,verify,Left;D;A,spatial-relational
24,44,63,D R C,B R A,C R B,A L D,1,0,4,3,True,True,0,2209,4595,6214,7324,8440,Right;D;C/Right;B;A/Right;C;B,verify,Left;A;D,spatial-relational
24,45,118,C L D,B L C,A L B,D L A,0,0,1,1,True,False,0,3027,6212,7290,8609,9891,Left;C;D/Left;B;C/Left;A;B,verify,Left;D;A,spatial-relational
24,46,206,C R B,D R C,B R A,A R B,0,0,4,2,True,False,0,1961,4205,6244,7336,8387,Right;C;B/Right;D;C/Right;B;A,verify,Right;A;B,spatial-relational
25,1,67,B L C,A L B,C L D,D R A,1,0,1,2,True,True,0,4418,6648,8501,10375,11545,Left;B;C/Left;A;B/Left;C;D,verify,Right;D;A,spatial-relational
25,2,166,C L D,B L C,A L B,A R B,0,0,1,1,True,False,0,1366,2329,3499,5465,5952,Left;C;D/Left;B;C/Left;A;B,verify,Right;A;B,spatial-relational
25,3,206,C R B,D R C,B R A,A R B,0,0,4,2,False,True,0,647,1442,2549,3531,4143,Right;C;B/Right;D;C/Right;B;A,verify,Right;A;B,spatial-relational
25,4,19,B L C,A L B,C L D,A L D,1,0,1,2,True,True,0,640,1267,1939,2596,3535,Left;B;C/Left;A;B/Left;C;D,verify,Left;A;D,spatial-relational
25,5,64,D R C,C R B,B R A,A L D,1,0,4,1,True,True,0,691,1812,2356,2903,4299,Right;D;C/Right;C;B/Right;B;A,verify,Left;A;D,spatial-relational
25,6,21,C L D,A L B,B L C,A L D,1,0,1,3,False,False,0,474,994,1509,2013,3184,Left;C;D/Left;A;B/Left;B;C,verify,Left;A;D,spatial-relational
25,7,157,C R B,B R A,D R C,D L A,0,0,4,2,True,False,0,898,1579,2123,2619,3748,Right;C;B/Right;B;A/Right;D;C,verify,Left;D;A,spatial-relational
25,8,162,A L B,C L D,B L C,A R B,0,0,1,3,False,True,0,6848,7315,7795,8531,9651,Left;A;B/Left;C;D/Left;B;C,verify,Right;A;B,spatial-relational
25,9,66,A L B,C L D,B L C,D R A,1,0,1,3,False,False,0,823,1544,2447,2832,3607,Left;A;B/Left;C;D/Left;B;C,verify,Right;D;A,spatial-relational
25,10,160,D R C,C R B,B R A,D L A,0,0,4,1,True,False,0,927,1376,1719,2391,2967,Right;D;C/Right;C;B/Right;B;A,verify,Left;D;A,spatial-relational
25,11,203,B R A,C R B,D R C,A R B,0,0,4,1,False,True,0,576,1072,1439,1810,3866,Right;B;A/Right;C;B/Right;D;C,verify,Right;A;B,spatial-relational
25,12,155,B R A,C R B,D R C,D L A,0,0,4,1,True,False,0,552,993,1433,2105,3025,Right;B;A/Right;C;B/Right;D;C,verify,Left;D;A,spatial-relational
25,13,60,B R A,D R C,B R C,A L D,1,0,4,3,False,False,0,616,1152,1856,2448,3360,Right;B;A/Right;D;C/Right;B;C,verify,Left;A;D,spatial-relational
25,14,62,C R B,D R C,B R A,A L D,1,0,4,2,True,True,0,544,1000,1537,1937,3544,Right;C;B/Right;D;C/Right;B;A,verify,Left;A;D,spatial-relational
25,15,68,B L C,C L D,A L B,D R A,1,0,1,2,False,False,0,919,1263,1575,1903,3551,Left;B;C/Left;C;D/Left;A;B,verify,Right;D;A,spatial-relational
25,16,164,B L C,C L D,A L B,A R B,0,0,1,2,False,True,0,584,992,1464,1927,2966,Left;B;C/Left;C;D/Left;A;B,verify,Right;A;B,spatial-relational
25,17,117,C L D,A L B,B L C,D L A,0,0,1,3,True,False,0,831,1327,1823,2367,3424,Left;C;D/Left;A;B/Left;B;C,verify,Left;D;A,spatial-relational
25,18,111,D R C,B R A,C R B,D R A,1,0,4,3,True,True,1,488,960,1401,1817,2729,Right;D;C/Right;B;A/Right;C;B,verify,Right;D;A,spatial-relational
25,19,18,A L B,C L D,B L C,A L D,1,0,1,3,False,False,0,464,952,1408,2133,3013,Left;A;B/Left;C;D/Left;B;C,verify,Left;A;D,spatial-relational
25,20,22,C L D,B L C,A L B,A L D,1,0,1,1,False,False,0,416,744,1360,1696,2576,Left;C;D/Left;B;C/Left;A;B,verify,Left;A;D,spatial-relational
25,21,207,D R C,B R A,C R B,A R B,0,0,4,3,False,True,0,408,1016,1632,2008,2648,Right;D;C/Right;B;A/Right;C;B,verify,Right;A;B,spatial-relational
25,22,69,C L D,A L B,B L C,D R A,1,0,1,3,True,True,0,584,1112,1536,2000,3376,Left;C;D/Left;A;B/Left;B;C,verify,Right;D;A,spatial-relational
25,23,114,A L B,C L D,B L C,D L A,0,0,1,3,False,True,0,505,1008,1453,1933,2509,Left;A;B/Left;C;D/Left;B;C,verify,Left;D;A,spatial-relational
25,24,108,B R A,D R C,B R C,D R A,1,0,4,3,True,True,0,553,1049,1616,2144,3128,Right;B;A/Right;D;C/Right;B;C,verify,Right;D;A,spatial-relational
25,25,109,C R B,B R A,D R C,D R A,1,0,4,2,False,False,1,1288,1801,2297,2729,3377,Right;C;B/Right;B;A/Right;D;C,verify,Right;D;A,spatial-relational
25,26,107,B R A,C R B,D R C,D R A,1,0,4,1,True,True,0,744,1303,1847,2320,3183,Right;B;A/Right;C;B/Right;D;C,verify,Right;D;A,spatial-relational
25,27,113,A L B,B L C,C L D,D L A,0,0,1,1,False,True,0,559,1040,1504,1920,2992,Left;A;B/Left;B;C/Left;C;D,verify,Left;D;A,spatial-relational
25,28,163,B L C,A L B,C L D,A R B,0,0,1,2,False,True,0,480,944,1416,1976,2848,Left;B;C/Left;A;B/Left;C;D,verify,Right;A;B,spatial-relational
25,29,165,C L D,A L B,B L C,A R B,0,0,1,3,True,False,0,408,912,1288,1729,2648,Left;C;D/Left;A;B/Left;B;C,verify,Right;A;B,spatial-relational
25,30,204,B R A,D R C,B R C,A R B,0,0,4,3,False,True,0,456,889,1344,1929,2809,Right;B;A/Right;D;C/Right;B;C,verify,Right;A;B,spatial-relational
25,31,70,C L D,B L C,A L B,D R A,1,0,1,1,False,False,0,424,1215,1631,2079,2911,Left;C;D/Left;B;C/Left;A;B,verify,Right;D;A,spatial-relational
25,32,65,A L B,B L C,C L D,D R A,1,0,1,1,True,True,0,392,840,1247,1659,2323,Left;A;B/Left;B;C/Left;C;D,verify,Right;D;A,spatial-relational
25,33,116,B L C,C L D,A L B,D L A,0,0,1,2,True,False,0,399,1048,1472,1975,2512,Left;B;C/Left;C;D/Left;A;B,verify,Left;D;A,spatial-relational
25,34,17,A L B,B L C,C L D,A L D,1,0,1,1,True,True,0,447,943,1424,2160,2863,Left;A;B/Left;B;C/Left;C;D,verify,Left;A;D,spatial-relational
25,35,112,D R C,C R B,B R A,D R A,1,0,4,1,False,False,0,384,952,1736,3184,4360,Right;D;C/Right;C;B/Right;B;A,verify,Right;D;A,spatial-relational
25,36,208,D R C,C R B,B R A,A R B,0,0,4,1,True,False,0,550,982,1398,1789,2478,Right;D;C/Right;C;B/Right;B;A,verify,Right;A;B,spatial-relational
25,37,61,C R B,B R A,D R C,A L D,1,0,4,2,False,False,0,520,920,1320,1712,2528,Right;C;B/Right;B;A/Right;D;C,verify,Left;A;D,spatial-relational
25,38,156,B R A,D R C,B R C,D L A,0,0,4,3,True,False,0,502,902,1302,1750,2550,Right;B;A/Right;D;C/Right;B;C,verify,Left;D;A,spatial-relational
25,39,59,B R A,C R B,D R C,A L D,1,0,4,1,False,False,0,503,935,1343,1743,2759,Right;B;A/Right;C;B/Right;D;C,verify,Left;A;D,spatial-relational
25,40,161,A L B,B L C,C L D,A R B,0,0,1,1,True,False,0,385,784,1217,1633,2608,Left;A;B/Left;B;C/Left;C;D,verify,Right;A;B,spatial-relational
25,41,159,D R C,B R A,C R B,D L A,0,0,4,3,True,False,0,464,848,1248,1640,2743,Right;D;C/Right;B;A/Right;C;B,verify,Left;D;A,spatial-relational
25,42,110,C R B,D R C,B R A,D R A,1,0,4,2,True,True,0,452,835,1220,1667,2795,Right;C;B/Right;D;C/Right;B;A,verify,Right;D;A,spatial-relational
25,43,118,C L D,B L C,A L B,D L A,0,0,1,1,True,False,0,473,857,1193,1561,2416,Left;C;D/Left;B;C/Left;A;B,verify,Left;D;A,spatial-relational
25,44,63,D R C,B R A,C R B,A L D,1,0,4,3,True,True,0,791,1231,1591,1951,5457,Right;D;C/Right;B;A/Right;C;B,verify,Left;A;D,spatial-relational
25,45,158,C R B,D R C,B R A,D L A,0,0,4,2,True,False,0,471,895,1231,1607,2351,Right;C;B/Right;D;C/Right;B;A,verify,Left;D;A,spatial-relational
25,46,205,C R B,B R A,D R C,A R B,0,0,4,2,False,True,0,583,991,1352,1647,2380,Right;C;B/Right;B;A/Right;D;C,verify,Right;A;B,spatial-relational
25,47,20,B L C,C L D,A L B,A L D,1,0,1,2,True,True,0,536,936,1288,1656,2560,Left;B;C/Left;C;D/Left;A;B,verify,Left;A;D,spatial-relational
25,48,115,B L C,A L B,C L D,D L A,0,0,1,2,True,False,0,432,880,1248,1976,2944,Left;B;C/Left;A;B/Left;C;D,verify,Left;D;A,spatial-relational
27,1,64,D R C,C R B,B R A,A L D,1,0,4,1,True,True,0,3750,17578,31797,33656,36297,Right;D;C/Right;C;B/Right;B;A,verify,Left;A;D,spatial-relational
27,2,60,B R A,D R C,B R C,A L D,1,0,4,3,True,True,0,28578,42562,46234,49234,50984,Right;B;A/Right;D;C/Right;B;C,verify,Left;A;D,spatial-relational
27,3,63,D R C,B R A,C R B,A L D,1,0,4,3,True,True,0,13390,16687,19672,22203,23781,Right;D;C/Right;B;A/Right;C;B,verify,Left;A;D,spatial-relational
27,4,69,C L D,A L B,B L C,D R A,1,0,1,3,True,True,0,14562,18812,27921,32328,33718,Left;C;D/Left;A;B/Left;B;C,verify,Right;D;A,spatial-relational
27,5,107,B R A,C R B,D R C,D R A,1,0,4,1,True,True,0,4312,6875,8578,13937,15250,Right;B;A/Right;C;B/Right;D;C,verify,Right;D;A,spatial-relational
27,6,159,D R C,B R A,C R B,D L A,0,0,4,3,False,True,0,6891,13125,17656,24344,25391,Right;D;C/Right;B;A/Right;C;B,verify,Left;D;A,spatial-relational
27,7,203,B R A,C R B,D R C,A R B,0,0,4,1,False,True,0,4234,6156,10687,13906,14906,Right;B;A/Right;C;B/Right;D;C,verify,Right;A;B,spatial-relational
27,8,20,B L C,C L D,A L B,A L D,1,0,1,2,True,True,0,42110,43344,46125,48750,49547,Left;B;C/Left;C;D/Left;A;B,verify,Left;A;D,spatial-relational
27,9,155,B R A,C R B,D R C,D L A,0,0,4,1,False,True,0,1844,3313,4969,7563,8578,Right;B;A/Right;C;B/Right;D;C,verify,Left;D;A,spatial-relational
27,10,117,C L D,A L B,B L C,D L A,0,0,1,3,False,True,0,1547,3968,5437,6297,7265,Left;C;D/Left;A;B/Left;B;C,verify,Left;D;A,spatial-relational
27,11,162,A L B,C L D,B L C,A R B,0,0,1,3,False,True,0,94,1766,4453,6266,7422,Left;A;B/Left;C;D/Left;B;C,verify,Right;A;B,spatial-relational
27,12,59,B R A,C R B,D R C,A L D,1,0,4,1,True,True,0,1437,2875,4297,5672,6297,Right;B;A/Right;C;B/Right;D;C,verify,Left;A;D,spatial-relational
27,13,65,A L B,B L C,C L D,D R A,1,0,1,1,True,True,0,3797,4860,6516,14594,15469,Left;A;B/Left;B;C/Left;C;D,verify,Right;D;A,spatial-relational
27,14,112,D R C,C R B,B R A,D R A,1,0,4,1,True,True,0,1844,5079,9438,12141,12641,Right;D;C/Right;C;B/Right;B;A,verify,Right;D;A,spatial-relational
27,15,109,C R B,B R A,D R C,D R A,1,0,4,2,True,True,0,2438,6797,8344,10469,10828,Right;C;B/Right;B;A/Right;D;C,verify,Right;D;A,spatial-relational
27,16,163,B L C,A L B,C L D,A R B,0,0,1,2,False,True,0,1625,6234,13953,15172,15609,Left;B;C/Left;A;B/Left;C;D,verify,Right;A;B,spatial-relational
27,17,108,B R A,D R C,B R C,D R A,1,0,4,3,False,False,0,3296,4984,12125,13328,14218,Right;B;A/Right;D;C/Right;B;C,verify,Right;D;A,spatial-relational
27,18,22,C L D,B L C,A L B,A L D,1,0,1,1,True,True,0,1688,3219,5703,7953,8781,Left;C;D/Left;B;C/Left;A;B,verify,Left;A;D,spatial-relational
27,19,166,C L D,B L C,A L B,A R B,0,0,1,1,False,True,0,1282,3563,5172,8219,8735,Left;C;D/Left;B;C/Left;A;B,verify,Right;A;B,spatial-relational
27,20,157,C R B,B R A,D R C,D L A,0,0,4,2,False,True,0,1375,3328,4750,6985,7485,Right;C;B/Right;B;A/Right;D;C,verify,Left;D;A,spatial-relational
27,21,160,D R C,C R B,B R A,D L A,0,0,4,1,False,True,0,1375,3969,6734,16250,17078,Right;D;C/Right;C;B/Right;B;A,verify,Left;D;A,spatial-relational
27,22,204,B R A,D R C,B R C,A R B,0,0,4,3,False,True,0,2140,3593,11593,16000,16750,Right;B;A/Right;D;C/Right;B;C,verify,Right;A;B,spatial-relational
27,23,70,C L D,B L C,A L B,D R A,1,0,1,1,True,True,0,1328,3203,5297,7781,8484,Left;C;D/Left;B;C/Left;A;B,verify,Right;D;A,spatial-relational
27,24,18,A L B,C L D,B L C,A L D,1,0,1,3,False,False,0,1390,2797,4297,9422,9906,Left;A;B/Left;C;D/Left;B;C,verify,Left;A;D,spatial-relational
27,25,68,B L C,C L D,A L B,D R A,1,0,1,2,True,True,0,3781,5359,8734,10484,11234,Left;B;C/Left;C;D/Left;A;B,verify,Right;D;A,spatial-relational
27,26,111,D R C,B R A,C R B,D R A,1,0,4,3,True,True,0,2984,4734,11109,14828,15390,Right;D;C/Right;B;A/Right;C;B,verify,Right;D;A,spatial-relational
27,27,62,C R B,D R C,B R A,A L D,1,0,4,2,True,True,0,1734,3984,7734,10078,10437,Right;C;B/Right;D;C/Right;B;A,verify,Left;A;D,spatial-relational
27,28,66,A L B,C L D,B L C,D R A,1,0,1,3,True,True,0,1813,3375,9735,11610,12110,Left;A;B/Left;C;D/Left;B;C,verify,Right;D;A,spatial-relational
27,29,110,C R B,D R C,B R A,D R A,1,0,4,2,False,False,0,3532,5578,8953,11703,12375,Right;C;B/Right;D;C/Right;B;A,verify,Right;D;A,spatial-relational
27,30,158,C R B,D R C,B R A,D L A,0,0,4,2,False,True,0,1750,2906,6172,9968,10562,Right;C;B/Right;D;C/Right;B;A,verify,Left;D;A,spatial-relational
27,31,156,B R A,D R C,B R C,D L A,0,0,4,3,True,False,0,2782,5141,11844,14063,14828,Right;B;A/Right;D;C/Right;B;C,verify,Left;D;A,spatial-relational
27,32,61,C R B,B R A,D R C,A L D,1,0,4,2,True,True,0,1390,3515,5328,6953,7312,Right;C;B/Right;B;A/Right;D;C,verify,Left;A;D,spatial-relational
27,33,67,B L C,A L B,C L D,D R A,1,0,1,2,False,False,0,1547,2844,4281,10875,11594,Left;B;C/Left;A;B/Left;C;D,verify,Right;D;A,spatial-relational
27,34,114,A L B,C L D,B L C,D L A,0,0,1,3,True,False,0,1218,3265,8156,14109,14625,Left;A;B/Left;C;D/Left;B;C,verify,Left;D;A,spatial-relational
27,35,206,C R B,D R C,B R A,A R B,0,0,4,2,True,False,0,1516,2578,5609,6906,7375,Right;C;B/Right;D;C/Right;B;A,verify,Right;A;B,spatial-relational
27,36,118,C L D,B L C,A L B,D L A,0,0,1,1,False,True,0,1797,4000,5875,9719,10203,Left;C;D/Left;B;C/Left;A;B,verify,Left;D;A,spatial-relational
27,37,207,D R C,B R A,C R B,A R B,0,0,4,3,False,True,0,1672,5187,8953,11891,12406,Right;D;C/Right;B;A/Right;C;B,verify,Right;A;B,spatial-relational
27,38,113,A L B,B L C,C L D,D L A,0,0,1,1,False,True,0,1312,4906,5953,9625,9969,Left;A;B/Left;B;C/Left;C;D,verify,Left;D;A,spatial-relational
27,39,115,B L C,A L B,C L D,D L A,0,0,1,2,False,True,0,1719,3188,5203,7672,8063,Left;B;C/Left;A;B/Left;C;D,verify,Left;D;A,spatial-relational
27,40,21,C L D,A L B,B L C,A L D,1,0,1,3,True,True,0,1422,3016,8813,13875,14484,Left;C;D/Left;A;B/Left;B;C,verify,Left;A;D,spatial-relational
27,41,17,A L B,B L C,C L D,A L D,1,0,1,1,True,True,0,1532,3454,4438,5907,6579,Left;A;B/Left;B;C/Left;C;D,verify,Left;A;D,spatial-relational
27,42,19,B L C,A L B,C L D,A L D,1,0,1,2,False,False,0,1641,6656,9125,9735,10078,Left;B;C/Left;A;B/Left;C;D,verify,Left;A;D,spatial-relational
27,43,116,B L C,C L D,A L B,D L A,0,0,1,2,False,True,0,2063,3797,5485,7125,7469,Left;B;C/Left;C;D/Left;A;B,verify,Left;D;A,spatial-relational
27,44,205,C R B,B R A,D R C,A R B,0,0,4,2,False,True,0,1469,3188,5079,7219,7563,Right;C;B/Right;B;A/Right;D;C,verify,Right;A;B,spatial-relational
27,45,161,A L B,B L C,C L D,A R B,0,0,1,1,False,True,0,1203,2844,4032,5407,5719,Left;A;B/Left;B;C/Left;C;D,verify,Right;A;B,spatial-relational
27,46,164,B L C,C L D,A L B,A R B,0,0,1,2,False,True,0,1984,2906,5531,6828,7187,Left;B;C/Left;C;D/Left;A;B,verify,Right;A;B,spatial-relational
27,47,165,C L D,A L B,B L C,A R B,0,0,1,3,False,True,0,1688,3969,6422,9750,10125,Left;C;D/Left;A;B/Left;B;C,verify,Right;A;B,spatial-relational
27,48,208,D R C,C R B,B R A,A R B,0,0,4,1,False,True,0,1281,2609,3968,5031,5328,Right;D;C/Right;C;B/Right;B;A,verify,Right;A;B,spatial-relational
28,1,59,B R A,C R B,D R C,A L D,1,0,4,1,True,True,0,15384,31338,57337,61914,62947,Right;B;A/Right;C;B/Right;D;C,verify,Left;A;D,spatial-relational
28,2,159,D R C,B R A,C R B,D L A,0,0,4,3,True,False,0,11878,34855,41665,50866,52365,Right;D;C/Right;B;A/Right;C;B,verify,Left;D;A,spatial-relational
28,3,62,C R B,D R C,B R A,A L D,1,0,4,2,False,False,0,33427,44660,61171,84365,85721,Right;C;B/Right;D;C/Right;B;A,verify,Left;A;D,spatial-relational
28,4,162,A L B,C L D,B L C,A R B,0,0,1,3,False,True,0,7346,35619,46688,54147,55279,Left;A;B/Left;C;D/Left;B;C,verify,Right;A;B,spatial-relational
28,5,165,C L D,A L B,B L C,A R B,0,0,1,3,True,False,0,4064,23863,43309,57086,63215,Left;C;D/Left;A;B/Left;B;C,verify,Right;A;B,spatial-relational
28,6,20,B L C,C L D,A L B,A L D,1,0,1,2,True,True,0,9168,16019,24026,29110,30374,Left;B;C/Left;C;D/Left;A;B,verify,Left;A;D,spatial-relational
28,7,117,C L D,A L B,B L C,D L A,0,0,1,3,True,False,0,2764,11525,28702,30893,32003,Left;C;D/Left;A;B/Left;B;C,verify,Left;D;A,spatial-relational
28,8,208,D R C,C R B,B R A,A R B,0,0,4,1,False,True,0,4003,24355,57440,71064,72266,Right;D;C/Right;C;B/Right;B;A,verify,Right;A;B,spatial-relational
28,9,18,A L B,C L D,B L C,A L D,1,0,1,3,True,True,0,5774,48653,67064,74867,75840,Left;A;B/Left;C;D/Left;B;C,verify,Left;A;D,spatial-relational
28,10,17,A L B,B L C,C L D,A L D,1,0,1,1,True,True,0,25778,38444,52311,57078,58475,Left;A;B/Left;B;C/Left;C;D,verify,Left;A;D,spatial-relational
28,11,155,B R A,C R B,D R C,D L A,0,0,4,1,False,True,0,13663,25926,32479,39483,40455,Right;B;A/Right;C;B/Right;D;C,verify,Left;D;A,spatial-relational
28,12,205,C R B,B R A,D R C,A R B,0,0,4,2,False,True,0,10537,15370,29255,49772,51001,Right;C;B/Right;B;A/Right;D;C,verify,Right;A;B,spatial-relational
28,13,158,C R B,D R C,B R A,D L A,0,0,4,2,False,True,0,8186,14945,49944,70193,70633,Right;C;B/Right;D;C/Right;B;A,verify,Left;D;A,spatial-relational
28,14,108,B R A,D R C,B R C,D R A,1,0,4,3,False,False,0,8739,36145,66558,89490,90703,Right;B;A/Right;D;C/Right;B;C,verify,Right;D;A,spatial-relational
28,15,63,D R C,B R A,C R B,A L D,1,0,4,3,True,True,0,3604,23889,41349,48199,49530,Right;D;C/Right;B;A/Right;C;B,verify,Left;A;D,spatial-relational
28,16,109,C R B,B R A,D R C,D R A,1,0,4,2,False,False,0,8499,23468,34225,46969,48305,Right;C;B/Right;B;A/Right;D;C,verify,Right;D;A,spatial-relational
28,17,68,B L C,C L D,A L B,D R A,1,0,1,2,True,True,0,7807,13680,24263,49145,50799,Left;B;C/Left;C;D/Left;A;B,verify,Right;D;A,spatial-relational
28,18,115,B L C,A L B,C L D,D L A,0,0,1,2,False,True,0,4756,19896,39587,48210,49325,Left;B;C/Left;A;B/Left;C;D,verify,Left;D;A,spatial-relational
28,19,66,A L B,C L D,B L C,D R A,1,0,1,3,True,True,0,4807,20637,32346,47773,49431,Left;A;B/Left;C;D/Left;B;C,verify,Right;D;A,spatial-relational
28,20,69,C L D,A L B,B L C,D R A,1,0,1,3,True,True,0,11227,36325,56431,62953,63522,Left;C;D/Left;A;B/Left;B;C,verify,Right;D;A,spatial-relational
28,21,111,D R C,B R A,C R B,D R A,1,0,4,3,False,False,0,14514,36617,54106,61868,62948,Right;D;C/Right;B;A/Right;C;B,verify,Right;D;A,spatial-relational
28,22,110,C R B,D R C,B R A,D R A,1,0,4,2,True,True,0,16418,33900,47662,52695,53918,Right;C;B/Right;D;C/Right;B;A,verify,Right;D;A,spatial-relational
28,23,206,C R B,D R C,B R A,A R B,0,0,4,2,False,True,0,7572,19302,33284,45321,46586,Right;C;B/Right;D;C/Right;B;A,verify,Right;A;B,spatial-relational
28,24,204,B R A,D R C,B R C,A R B,0,0,4,3,False,True,0,6676,20076,41517,48711,49673,Right;B;A/Right;D;C/Right;B;C,verify,Right;A;B,spatial-relational
28,25,19,B L C,A L B,C L D,A L D,1,0,1,2,True,True,0,6922,30510,38255,43386,44522,Left;B;C/Left;A;B/Left;C;D,verify,Left;A;D,spatial-relational
28,26,207,D R C,B R A,C R B,A R B,0,0,4,3,True,False,0,3593,15056,39074,54387,55712,Right;D;C/Right;B;A/Right;C;B,verify,Right;A;B,spatial-relational
28,27,21,C L D,A L B,B L C,A L D,1,0,1,3,True,True,0,4423,16173,50840,54423,55443,Left;C;D/Left;A;B/Left;B;C,verify,Left;A;D,spatial-relational
28,28,163,B L C,A L B,C L D,A R B,0,0,1,2,False,True,0,8388,15930,21367,30015,30879,Left;B;C/Left;A;B/Left;C;D,verify,Right;A;B,spatial-relational
28,29,112,D R C,C R B,B R A,D R A,1,0,4,1,False,False,0,3748,9647,16528,29245,29900,Right;D;C/Right;C;B/Right;B;A,verify,Right;D;A,spatial-relational
28,30,107,B R A,C R B,D R C,D R A,1,0,4,1,True,True,0,3482,11837,16937,22998,24252,Right;B;A/Right;C;B/Right;D;C,verify,Right;D;A,spatial-relational
28,31,67,B L C,A L B,C L D,D R A,1,0,1,2,False,False,0,4879,14146,30284,36331,36801,Left;B;C/Left;A;B/Left;C;D,verify,Right;D;A,spatial-relational
28,32,113,A L B,B L C,C L D,D L A,0,0,1,1,False,True,0,3445,23970,33534,58074,59743,Left;A;B/Left;B;C/Left;C;D,verify,Left;D;A,spatial-relational
28,33,60,B R A,D R C,B R C,A L D,1,0,4,3,False,False,0,5416,21687,41256,57839,59564,Right;B;A/Right;D;C/Right;B;C,verify,Left;A;D,spatial-relational
28,34,114,A L B,C L D,B L C,D L A,0,0,1,3,False,True,0,10100,23146,55699,67074,68145,Left;A;B/Left;C;D/Left;B;C,verify,Left;D;A,spatial-relational
28,35,116,B L C,C L D,A L B,D L A,0,0,1,2,False,True,0,2375,8320,22318,34938,35731,Left;B;C/Left;C;D/Left;A;B,verify,Left;D;A,spatial-relational
28,36,22,C L D,B L C,A L B,A L D,1,0,1,1,True,True,0,5023,11622,21032,25502,25952,Left;C;D/Left;B;C/Left;A;B,verify,Left;A;D,spatial-relational
28,37,156,B R A,D R C,B R C,D L A,0,0,4,3,True,False,0,3712,11995,28277,34226,35115,Right;B;A/Right;D;C/Right;B;C,verify,Left;D;A,spatial-relational
28,38,157,C R B,B R A,D R C,D L A,0,0,4,2,True,False,0,3748,13593,36771,43775,44865,Right;C;B/Right;B;A/Right;D;C,verify,Left;D;A,spatial-relational
28,39,160,D R C,C R B,B R A,D L A,0,0,4,1,True,False,0,5130,14597,21754,29075,29936,Right;D;C/Right;C;B/Right;B;A,verify,Left;D;A,spatial-relational
28,40,164,B L C,C L D,A L B,A R B,0,0,1,2,False,True,0,2314,12640,20474,28124,29086,Left;B;C/Left;C;D/Left;A;B,verify,Right;A;B,spatial-relational
28,41,64,D R C,C R B,B R A,A L D,1,0,4,1,False,False,0,3932,11346,17336,22640,23567,Right;D;C/Right;C;B/Right;B;A,verify,Left;A;D,spatial-relational
28,42,166,C L D,B L C,A L B,A R B,0,0,1,1,False,True,0,2416,8166,15261,18779,19772,Left;C;D/Left;B;C/Left;A;B,verify,Right;A;B,spatial-relational
28,43,161,A L B,B L C,C L D,A R B,0,0,1,1,False,True,0,6572,18681,29182,42473,43358,Left;A;B/Left;B;C/Left;C;D,verify,Right;A;B,spatial-relational
28,44,118,C L D,B L C,A L B,D L A,0,0,1,1,False,True,0,4654,11729,15457,23433,24345,Left;C;D/Left;B;C/Left;A;B,verify,Left;D;A,spatial-relational
28,45,65,A L B,B L C,C L D,D R A,1,0,1,1,False,False,0,4977,16272,22774,33203,34150,Left;A;B/Left;B;C/Left;C;D,verify,Right;D;A,spatial-relational
28,46,70,C L D,B L C,A L B,D R A,1,0,1,1,True,True,0,7286,14007,25825,32388,32782,Left;C;D/Left;B;C/Left;A;B,verify,Right;D;A,spatial-relational
28,47,61,C R B,B R A,D R C,A L D,1,0,4,2,True,True,0,5580,11218,23449,26915,28133,Right;C;B/Right;B;A/Right;D;C,verify,Left;A;D,spatial-relational
28,48,203,B R A,C R B,D R C,A R B,0,0,4,1,False,True,0,4679,10500,14540,22517,24242,Right;B;A/Right;C;B/Right;D;C,verify,Right;A;B,spatial-relational
32,1,59,B R A,C R B,D R C,A L D,1,0,4,1,True,True,0,12854,22589,27300,30342,31824,Right;B;A/Right;C;B/Right;D;C,verify,Left;A;D,spatial-relational
32,2,166,C L D,B L C,A L B,A R B,0,0,1,1,False,True,0,2746,9298,15554,23307,26068,Left;C;D/Left;B;C/Left;A;B,verify,Right;A;B,spatial-relational
32,3,115,B L C,A L B,C L D,D L A,0,0,1,2,False,True,0,3432,6364,12511,16692,17908,Left;B;C/Left;A;B/Left;C;D,verify,Left;D;A,spatial-relational
32,4,206,C R B,D R C,B R A,A R B,0,0,4,2,True,False,0,8721,11653,20015,25615,26988,Right;C;B/Right;D;C/Right;B;A,verify,Right;A;B,spatial-relational
32,5,208,D R C,C R B,B R A,A R B,0,0,4,1,True,False,0,5834,13712,21965,30935,31606,Right;D;C/Right;C;B/Right;B;A,verify,Right;A;B,spatial-relational
32,6,162,A L B,C L D,B L C,A R B,0,0,1,3,False,True,0,10109,17706,19921,21044,22901,Left;A;B/Left;C;D/Left;B;C,verify,Right;A;B,spatial-relational
32,7,19,B L C,A L B,C L D,A L D,1,0,1,2,True,True,0,5616,12526,21450,23727,26145,Left;B;C/Left;A;B/Left;C;D,verify,Left;A;D,spatial-relational
32,8,158,C R B,D R C,B R A,D L A,0,0,4,2,False,True,0,2574,8876,11107,23977,25849,Right;C;B/Right;D;C/Right;B;A,verify,Left;D;A,spatial-relational
32,9,18,A L B,C L D,B L C,A L D,1,0,1,3,True,True,0,7379,10109,12480,13666,16193,Left;A;B/Left;C;D/Left;B;C,verify,Left;A;D,spatial-relational
32,10,114,A L B,C L D,B L C,D L A,0,0,1,3,False,True,0,4992,7503,10140,11060,13416,Left;A;B/Left;C;D/Left;B;C,verify,Left;D;A,spatial-relational
32,11,164,B L C,C L D,A L B,A R B,0,0,1,2,True,False,0,1498,2995,4009,5039,5991,Left;B;C/Left;C;D/Left;A;B,verify,Right;A;B,spatial-relational
32,12,156,B R A,D R C,B R C,D L A,0,0,4,3,False,True,0,343,686,1045,1513,2137,Right;B;A/Right;D;C/Right;B;C,verify,Left;D;A,spatial-relational
32,13,69,C L D,A L B,B L C,D R A,1,0,1,3,True,True,0,374,655,936,1326,1825,Left;C;D/Left;A;B/Left;B;C,verify,Right;D;A,spatial-relational
32,14,165,C L D,A L B,B L C,A R B,0,0,1,3,False,True,0,312,562,858,1264,2278,Left;C;D/Left;A;B/Left;B;C,verify,Right;A;B,spatial-relational
32,15,107,B R A,C R B,D R C,D R A,1,0,4,1,False,False,0,312,577,858,1217,1591,Right;B;A/Right;C;B/Right;D;C,verify,Right;D;A,spatial-relational
32,16,111,D R C,B R A,C R B,D R A,1,0,4,3,False,False,0,343,655,967,1279,1700,Right;D;C/Right;B;A/Right;C;B,verify,Right;D;A,spatial-relational
32,17,64,D R C,C R B,B R A,A L D,1,0,4,1,False,False,0,296,593,905,1310,1669,Right;D;C/Right;C;B/Right;B;A,verify,Left;A;D,spatial-relational
32,18,108,B R A,D R C,B R C,D R A,1,0,4,3,True,True,0,296,530,842,1248,1544,Right;B;A/Right;D;C/Right;B;C,verify,Right;D;A,spatial-relational
32,19,204,B R A,D R C,B R C,A R B,0,0,4,3,True,False,0,343,593,858,1186,1560,Right;B;A/Right;D;C/Right;B;C,verify,Right;A;B,spatial-relational
32,20,20,B L C,C L D,A L B,A L D,1,0,1,2,False,False,0,312,655,967,1762,2168,Left;B;C/Left;C;D/Left;A;B,verify,Left;A;D,spatial-relational
32,21,70,C L D,B L C,A L B,D R A,1,0,1,1,False,False,0,327,546,795,1107,1872,Left;C;D/Left;B;C/Left;A;B,verify,Right;D;A,spatial-relational
32,22,109,C R B,B R A,D R C,D R A,1,0,4,2,True,True,0,281,499,733,1030,1482,Right;C;B/Right;B;A/Right;D;C,verify,Right;D;A,spatial-relational
32,23,22,C L D,B L C,A L B,A L D,1,0,1,1,False,False,0,312,515,749,1014,1466,Left;C;D/Left;B;C/Left;A;B,verify,Left;A;D,spatial-relational
32,24,66,A L B,C L D,B L C,D R A,1,0,1,3,False,False,0,281,530,764,998,1591,Left;A;B/Left;C;D/Left;B;C,verify,Right;D;A,spatial-relational
32,25,60,B R A,D R C,B R C,A L D,1,0,4,3,True,True,0,203,421,639,905,1310,Right;B;A/Right;D;C/Right;B;C,verify,Left;A;D,spatial-relational
32,26,116,B L C,C L D,A L B,D L A,0,0,1,2,True,False,0,203,405,624,827,1263,Left;B;C/Left;C;D/Left;A;B,verify,Left;D;A,spatial-relational
32,27,117,C L D,A L B,B L C,D L A,0,0,1,3,True,False,0,281,515,733,999,1420,Left;C;D/Left;A;B/Left;B;C,verify,Left;D;A,spatial-relational
32,28,67,B L C,A L B,C L D,D R A,1,0,1,2,False,False,0,249,515,717,967,1497,Left;B;C/Left;A;B/Left;C;D,verify,Right;D;A,spatial-relational
32,29,68,B L C,C L D,A L B,D R A,1,0,1,2,True,True,0,359,686,1045,1638,3245,Left;B;C/Left;C;D/Left;A;B,verify,Right;D;A,spatial-relational
32,30,65,A L B,B L C,C L D,D R A,1,0,1,1,True,True,0,312,593,905,1201,2028,Left;A;B/Left;B;C/Left;C;D,verify,Right;D;A,spatial-relational
32,31,113,A L B,B L C,C L D,D L A,0,0,1,1,False,True,0,234,468,749,1030,1966,Left;A;B/Left;B;C/Left;C;D,verify,Left;D;A,spatial-relational
32,32,62,C R B,D R C,B R A,A L D,1,0,4,2,False,False,0,359,624,951,1357,2418,Right;C;B/Right;D;C/Right;B;A,verify,Left;A;D,spatial-relational
32,33,205,C R B,B R A,D R C,A R B,0,0,4,2,False,True,0,265,483,717,983,1497,Right;C;B/Right;B;A/Right;D;C,verify,Right;A;B,spatial-relational
32,34,203,B R A,C R B,D R C,A R B,0,0,4,1,True,False,0,234,453,640,827,1264,Right;B;A/Right;C;B/Right;D;C,verify,Right;A;B,spatial-relational
32,35,61,C R B,B R A,D R C,A L D,1,0,4,2,False,False,0,187,358,546,733,1248,Right;C;B/Right;B;A/Right;D;C,verify,Left;A;D,spatial-relational
32,36,21,C L D,A L B,B L C,A L D,1,0,1,3,True,True,0,188,375,562,734,1217,Left;C;D/Left;A;B/Left;B;C,verify,Left;A;D,spatial-relational
32,37,110,C R B,D R C,B R A,D R A,1,0,4,2,False,False,0,187,375,546,733,1139,Right;C;B/Right;D;C/Right;B;A,verify,Right;D;A,spatial-relational
32,38,17,A L B,B L C,C L D,A L D,1,0,1,1,False,False,0,218,406,577,764,1357,Left;A;B/Left;B;C/Left;C;D,verify,Left;A;D,spatial-relational
32,39,118,C L D,B L C,A L B,D L A,0,0,1,1,True,False,0,187,374,546,717,1045,Left;C;D/Left;B;C/Left;A;B,verify,Left;D;A,spatial-relational
32,40,207,D R C,B R A,C R B,A R B,0,0,4,3,True,False,0,218,405,593,764,1154,Right;D;C/Right;B;A/Right;C;B,verify,Right;A;B,spatial-relational
32,41,159,D R C,B R A,C R B,D L A,0,0,4,3,True,False,0,187,390,562,749,1201,Right;D;C/Right;B;A/Right;C;B,verify,Left;D;A,spatial-relational
32,42,157,C R B,B R A,D R C,D L A,0,0,4,2,True,False,0,187,359,531,967,1295,Right;C;B/Right;B;A/Right;D;C,verify,Left;D;A,spatial-relational
32,43,161,A L B,B L C,C L D,A R B,0,0,1,1,False,True,0,188,375,562,827,1233,Left;A;B/Left;B;C/Left;C;D,verify,Right;A;B,spatial-relational
32,44,160,D R C,C R B,B R A,D L A,0,0,4,1,True,False,0,265,468,686,1170,1482,Right;D;C/Right;C;B/Right;B;A,verify,Left;D;A,spatial-relational
32,45,112,D R C,C R B,B R A,D R A,1,0,4,1,True,True,0,218,452,671,1092,1560,Right;D;C/Right;C;B/Right;B;A,verify,Right;D;A,spatial-relational
32,46,63,D R C,B R A,C R B,A L D,1,0,4,3,False,False,0,187,421,655,936,1326,Right;D;C/Right;B;A/Right;C;B,verify,Left;A;D,spatial-relational
32,47,163,B L C,A L B,C L D,A R B,0,0,1,2,True,False,0,312,655,982,1326,1747,Left;B;C/Left;A;B/Left;C;D,verify,Right;A;B,spatial-relational
32,48,155,B R A,C R B,D R C,D L A,0,0,4,1,False,True,0,281,531,780,1264,1935,Right;B;A/Right;C;B/Right;D;C,verify,Left;D;A,spatial-relational
33,1,203,B R A,C R B,D R C,A R B,0,0,4,1,True,False,0,3622,7954,10219,12022,15084,Right;B;A/Right;C;B/Right;D;C,verify,Right;A;B,spatial-relational
33,2,164,B L C,C L D,A L B,A R B,0,0,1,2,True,False,0,2076,4019,5209,5929,7565,Left;B;C/Left;C;D/Left;A;B,verify,Right;A;B,spatial-relational
33,3,208,D R C,C R B,B R A,A R B,0,0,4,1,False,True,0,1359,2530,3313,4234,5706,Right;D;C/Right;C;B/Right;B;A,verify,Right;A;B,spatial-relational
33,4,107,B R A,C R B,D R C,D R A,1,0,4,1,False,False,0,1202,1744,2174,2692,3636,Right;B;A/Right;C;B/Right;D;C,verify,Right;D;A,spatial-relational
33,5,116,B L C,C L D,A L B,D L A,0,0,1,2,False,True,0,981,1410,1835,2333,3439,Left;B;C/Left;C;D/Left;A;B,verify,Left;D;A,spatial-relational
33,6,67,B L C,A L B,C L D,D R A,1,0,1,2,True,True,0,1190,1688,2166,3231,4514,Left;B;C/Left;A;B/Left;C;D,verify,Right;D;A,spatial-relational
33,7,108,B R A,D R C,B R C,D R A,1,0,4,3,False,False,0,1171,1583,2045,2611,5155,Right;B;A/Right;D;C/Right;B;C,verify,Right;D;A,spatial-relational
33,8,63,D R C,B R A,C R B,A L D,1,0,4,3,True,True,0,1190,1587,2049,3094,4445,Right;D;C/Right;B;A/Right;C;B,verify,Left;A;D,spatial-relational
33,9,206,C R B,D R C,B R A,A R B,0,0,4,2,False,True,0,2076,2317,2665,3204,6793,Right;C;B/Right;D;C/Right;B;A,verify,Right;A;B,spatial-relational
33,10,160,D R C,C R B,B R A,D L A,0,0,4,1,True,False,0,1141,1643,2133,3512,4259,Right;D;C/Right;C;B/Right;B;A,verify,Left;D;A,spatial-relational
33,11,112,D R C,C R B,B R A,D R A,1,0,4,1,True,True,0,8917,9898,10601,11115,14409,Right;D;C/Right;C;B/Right;B;A,verify,Right;D;A,spatial-relational
33,12,111,D R C,B R A,C R B,D R A,1,0,4,3,True,True,0,1283,1652,2005,2466,4763,Right;D;C/Right;B;A/Right;C;B,verify,Right;D;A,spatial-relational
33,13,117,C L D,A L B,B L C,D L A,0,0,1,3,False,True,0,1315,1519,1726,2152,4417,Left;C;D/Left;A;B/Left;B;C,verify,Left;D;A,spatial-relational
33,14,114,A L B,C L D,B L C,D L A,0,0,1,3,False,True,0,658,850,994,1214,2857,Left;A;B/Left;C;D/Left;B;C,verify,Left;D;A,spatial-relational
33,15,21,C L D,A L B,B L C,A L D,1,0,1,3,False,False,0,703,902,1090,1274,2029,Left;C;D/Left;A;B/Left;B;C,verify,Left;A;D,spatial-relational
33,16,110,C R B,D R C,B R A,D R A,1,0,4,2,False,False,0,1320,1484,1659,1855,2481,Right;C;B/Right;D;C/Right;B;A,verify,Right;D;A,spatial-relational
33,17,109,C R B,B R A,D R C,D R A,1,0,4,2,False,False,0,1270,1426,1622,1810,2734,Right;C;B/Right;B;A/Right;D;C,verify,Right;D;A,spatial-relational
33,18,60,B R A,D R C,B R C,A L D,1,0,4,3,True,True,0,1686,1991,2356,2753,3991,Right;B;A/Right;D;C/Right;B;C,verify,Left;A;D,spatial-relational
33,19,66,A L B,C L D,B L C,D R A,1,0,1,3,True,True,0,1565,1826,2287,3248,4696,Left;A;B/Left;C;D/Left;B;C,verify,Right;D;A,spatial-relational
33,20,162,A L B,C L D,B L C,A R B,0,0,1,3,True,False,0,590,810,1002,1439,2742,Left;A;B/Left;C;D/Left;B;C,verify,Right;A;B,spatial-relational
33,21,118,C L D,B L C,A L B,D L A,0,0,1,1,True,False,0,437,624,820,1338,2371,Left;C;D/Left;B;C/Left;A;B,verify,Left;D;A,spatial-relational
33,22,161,A L B,B L C,C L D,A R B,0,0,1,1,True,False,0,1311,1535,1747,2200,3688,Left;A;B/Left;B;C/Left;C;D,verify,Right;A;B,spatial-relational
33,23,22,C L D,B L C,A L B,A L D,1,0,1,1,False,False,0,437,673,1030,1480,2440,Left;C;D/Left;B;C/Left;A;B,verify,Left;A;D,spatial-relational
33,24,20,B L C,C L D,A L B,A L D,1,0,1,2,False,False,0,799,1039,1553,2143,2882,Left;B;C/Left;C;D/Left;A;B,verify,Left;A;D,spatial-relational
33,25,113,A L B,B L C,C L D,D L A,0,0,1,1,False,True,0,1355,1563,1739,2241,3282,Left;A;B/Left;B;C/Left;C;D,verify,Left;D;A,spatial-relational
33,26,65,A L B,B L C,C L D,D R A,1,0,1,1,True,True,0,498,665,841,1000,3044,Left;A;B/Left;B;C/Left;C;D,verify,Right;D;A,spatial-relational
33,27,205,C R B,B R A,D R C,A R B,0,0,4,2,True,False,0,550,746,901,1097,2296,Right;C;B/Right;B;A/Right;D;C,verify,Right;A;B,spatial-relational
33,28,156,B R A,D R C,B R C,D L A,0,0,4,3,True,False,0,867,1076,1215,1371,2722,Right;B;A/Right;D;C/Right;B;C,verify,Left;D;A,spatial-relational
33,29,70,C L D,B L C,A L B,D R A,1,0,1,1,True,True,0,513,673,849,1000,2855,Left;C;D/Left;B;C/Left;A;B,verify,Right;D;A,spatial-relational
33,30,62,C R B,D R C,B R A,A L D,1,0,4,2,True,True,0,671,858,1038,1182,2166,Right;C;B/Right;D;C/Right;B;A,verify,Left;A;D,spatial-relational
33,31,69,C L D,A L B,B L C,D R A,1,0,1,3,False,False,0,618,810,989,1620,2602,Left;C;D/Left;A;B/Left;B;C,verify,Right;D;A,spatial-relational
33,32,204,B R A,D R C,B R C,A R B,0,0,4,3,False,True,0,623,818,966,1210,4502,Right;B;A/Right;D;C/Right;B;C,verify,Right;A;B,spatial-relational
33,33,158,C R B,D R C,B R A,D L A,0,0,4,2,True,False,0,868,1064,1256,1431,2762,Right;C;B/Right;D;C/Right;B;A,verify,Left;D;A,spatial-relational
33,34,163,B L C,A L B,C L D,A R B,0,0,1,2,True,False,0,445,633,796,960,2227,Left;B;C/Left;A;B/Left;C;D,verify,Right;A;B,spatial-relational
33,35,18,A L B,C L D,B L C,A L D,1,0,1,3,True,True,0,658,846,1034,1564,2532,Left;A;B/Left;C;D/Left;B;C,verify,Left;A;D,spatial-relational
33,36,166,C L D,B L C,A L B,A R B,0,0,1,1,False,True,0,961,1169,1332,1496,4340,Left;C;D/Left;B;C/Left;A;B,verify,Right;A;B,spatial-relational
33,37,17,A L B,B L C,C L D,A L D,1,0,1,1,False,False,0,1045,1236,1412,1567,3181,Left;A;B/Left;B;C/Left;C;D,verify,Left;A;D,spatial-relational
33,38,68,B L C,C L D,A L B,D R A,1,0,1,2,False,False,0,1339,1523,1711,1863,3697,Left;B;C/Left;C;D/Left;A;B,verify,Right;D;A,spatial-relational
33,39,64,D R C,C R B,B R A,A L D,1,0,4,1,True,True,1,478,637,825,989,2042,Right;D;C/Right;C;B/Right;B;A,verify,Left;A;D,spatial-relational
33,40,157,C R B,B R A,D R C,D L A,0,0,4,2,True,False,0,996,1172,1505,1692,4240,Right;C;B/Right;B;A/Right;D;C,verify,Left;D;A,spatial-relational
33,41,155,B R A,C R B,D R C,D L A,0,0,4,1,False,True,0,1230,2566,3772,4572,8117,Right;B;A/Right;C;B/Right;D;C,verify,Left;D;A,spatial-relational
33,42,207,D R C,B R A,C R B,A R B,0,0,4,3,False,True,0,8445,8959,9506,10056,12570,Right;D;C/Right;B;A/Right;C;B,verify,Right;A;B,spatial-relational
33,43,159,D R C,B R A,C R B,D L A,0,0,4,3,True,False,0,1460,1873,2263,3038,4498,Right;D;C/Right;B;A/Right;C;B,verify,Left;D;A,spatial-relational
33,44,165,C L D,A L B,B L C,A R B,0,0,1,3,True,False,0,751,1128,1509,2647,4107,Left;C;D/Left;A;B/Left;B;C,verify,Right;A;B,spatial-relational
33,45,19,B L C,A L B,C L D,A L D,1,0,1,2,True,True,0,961,1462,1932,2394,4063,Left;B;C/Left;A;B/Left;C;D,verify,Left;A;D,spatial-relational
33,46,59,B R A,C R B,D R C,A L D,1,0,4,1,False,False,0,952,1309,1754,2574,6551,Right;B;A/Right;C;B/Right;D;C,verify,Left;A;D,spatial-relational
33,47,115,B L C,A L B,C L D,D L A,0,0,1,2,False,True,0,646,826,998,1154,3869,Left;B;C/Left;A;B/Left;C;D,verify,Left;D;A,spatial-relational
33,48,61,C R B,B R A,D R C,A L D,1,0,4,2,False,False,0,1975,2195,2403,2579,3765,Right;C;B/Right;B;A/Right;D;C,verify,Left;A;D,spatial-relational
34,1,158,C R B,D R C,B R A,D L A,0,0,4,2,True,False,0,2130,3842,7873,10662,11579,Right;C;B/Right;D;C/Right;B;A,verify,Left;D;A,spatial-relational
34,2,155,B R A,C R B,D R C,D L A,0,0,4,1,False,True,0,2115,4335,7337,12145,12931,Right;B;A/Right;C;B/Right;D;C,verify,Left;D;A,spatial-relational
34,3,17,A L B,B L C,C L D,A L D,1,0,1,1,True,True,0,2097,4647,5816,8752,9495,Left;A;B/Left;B;C/Left;C;D,verify,Left;A;D,spatial-relational
34,4,165,C L D,A L B,B L C,A R B,0,0,1,3,False,True,0,2038,8718,45318,49230,51655,Left;C;D/Left;A;B/Left;B;C,verify,Right;A;B,spatial-relational
34,5,112,D R C,C R B,B R A,D R A,1,0,4,1,True,True,0,3185,20867,24768,38137,39276,Right;D;C/Right;C;B/Right;B;A,verify,Right;D;A,spatial-relational
34,6,159,D R C,B R A,C R B,D L A,0,0,4,3,False,True,0,3580,7162,18725,22806,23790,Right;D;C/Right;B;A/Right;C;B,verify,Left;D;A,spatial-relational
34,7,118,C L D,B L C,A L B,D L A,0,0,1,1,False,True,0,1869,6152,11430,16317,17067,Left;C;D/Left;B;C/Left;A;B,verify,Left;D;A,spatial-relational
34,8,68,B L C,C L D,A L B,D R A,1,0,1,2,False,False,0,4070,8294,16674,25275,26140,Left;B;C/Left;C;D/Left;A;B,verify,Right;D;A,spatial-relational
34,9,64,D R C,C R B,B R A,A L D,1,0,4,1,True,True,0,2104,9559,14854,19849,20598,Right;D;C/Right;C;B/Right;B;A,verify,Left;A;D,spatial-relational
34,10,160,D R C,C R B,B R A,D L A,0,0,4,1,False,True,0,3448,8748,13771,16153,16857,Right;D;C/Right;C;B/Right;B;A,verify,Left;D;A,spatial-relational
34,11,115,B L C,A L B,C L D,D L A,0,0,1,2,False,True,0,1839,5207,11496,15998,16508,Left;B;C/Left;A;B/Left;C;D,verify,Left;D;A,spatial-relational
34,12,107,B R A,C R B,D R C,D R A,1,0,4,1,True,True,0,1957,8027,12518,14866,15719,Right;B;A/Right;C;B/Right;D;C,verify,Right;D;A,spatial-relational
34,13,205,C R B,B R A,D R C,A R B,0,0,4,2,False,True,0,1913,6722,11885,17215,17972,Right;C;B/Right;B;A/Right;D;C,verify,Right;A;B,spatial-relational
34,14,156,B R A,D R C,B R C,D L A,0,0,4,3,False,True,0,4932,8764,26507,31047,32225,Right;B;A/Right;D;C/Right;B;C,verify,Left;D;A,spatial-relational
34,15,162,A L B,C L D,B L C,A R B,0,0,1,3,False,True,0,2286,4828,11554,17490,18451,Left;A;B/Left;C;D/Left;B;C,verify,Right;A;B,spatial-relational
34,16,60,B R A,D R C,B R C,A L D,1,0,4,3,True,True,0,7272,11160,38284,42555,43628,Right;B;A/Right;D;C/Right;B;C,verify,Left;A;D,spatial-relational
34,17,66,A L B,C L D,B L C,D R A,1,0,1,3,True,True,0,2948,5871,10324,11593,12710,Left;A;B/Left;C;D/Left;B;C,verify,Right;D;A,spatial-relational
34,18,22,C L D,B L C,A L B,A L D,1,0,1,1,True,True,0,12266,19326,26350,31824,33012,Left;C;D/Left;B;C/Left;A;B,verify,Left;A;D,spatial-relational
34,19,164,B L C,C L D,A L B,A R B,0,0,1,2,False,True,0,8528,16595,25478,29822,31106,Left;B;C/Left;C;D/Left;A;B,verify,Right;A;B,spatial-relational
34,20,63,D R C,B R A,C R B,A L D,1,0,4,3,False,False,0,3169,7446,23937,26935,27841,Right;D;C/Right;B;A/Right;C;B,verify,Left;A;D,spatial-relational
34,21,18,A L B,C L D,B L C,A L D,1,0,1,3,True,True,0,2733,5370,12051,16696,17425,Left;A;B/Left;C;D/Left;B;C,verify,Left;A;D,spatial-relational
34,22,206,C R B,D R C,B R A,A R B,0,0,4,2,False,True,0,3204,6513,14865,21544,22134,Right;C;B/Right;D;C/Right;B;A,verify,Right;A;B,spatial-relational
34,23,166,C L D,B L C,A L B,A R B,0,0,1,1,False,True,0,2056,7274,10345,12287,13114,Left;C;D/Left;B;C/Left;A;B,verify,Right;A;B,spatial-relational
34,24,157,C R B,B R A,D R C,D L A,0,0,4,2,False,True,0,2424,7424,13045,16931,17340,Right;C;B/Right;B;A/Right;D;C,verify,Left;D;A,spatial-relational
34,25,19,B L C,A L B,C L D,A L D,1,0,1,2,True,True,0,2362,5065,7651,13963,14711,Left;B;C/Left;A;B/Left;C;D,verify,Left;A;D,spatial-relational
34,26,111,D R C,B R A,C R B,D R A,1,0,4,3,False,False,0,3795,8823,20573,22364,23710,Right;D;C/Right;B;A/Right;C;B,verify,Right;D;A,spatial-relational
34,27,203,B R A,C R B,D R C,A R B,0,0,4,1,False,True,0,3619,6944,10445,15196,16220,Right;B;A/Right;C;B/Right;D;C,verify,Right;A;B,spatial-relational
34,28,163,B L C,A L B,C L D,A R B,0,0,1,2,False,True,0,2401,4211,11654,15598,16417,Left;B;C/Left;A;B/Left;C;D,verify,Right;A;B,spatial-relational
34,29,113,A L B,B L C,C L D,D L A,0,0,1,1,False,True,0,3398,7628,9888,14326,14825,Left;A;B/Left;B;C/Left;C;D,verify,Left;D;A,spatial-relational
34,30,70,C L D,B L C,A L B,D R A,1,0,1,1,True,True,0,1976,4577,10261,15121,15472,Left;C;D/Left;B;C/Left;A;B,verify,Right;D;A,spatial-relational
34,31,62,C R B,D R C,B R A,A L D,1,0,4,2,True,True,0,3664,6890,13932,16852,17724,Right;C;B/Right;D;C/Right;B;A,verify,Left;A;D,spatial-relational
34,32,69,C L D,A L B,B L C,D R A,1,0,1,3,True,True,0,11818,15103,22227,25683,26719,Left;C;D/Left;A;B/Left;B;C,verify,Right;D;A,spatial-relational
34,33,59,B R A,C R B,D R C,A L D,1,0,4,1,True,True,0,1861,5596,7617,10048,10677,Right;B;A/Right;C;B/Right;D;C,verify,Left;A;D,spatial-relational
34,34,207,D R C,B R A,C R B,A R B,0,0,4,3,False,True,0,2636,4987,10216,16066,16815,Right;D;C/Right;B;A/Right;C;B,verify,Right;A;B,spatial-relational
34,35,21,C L D,A L B,B L C,A L D,1,0,1,3,True,True,0,1842,3925,8479,10885,11626,Left;C;D/Left;A;B/Left;B;C,verify,Left;A;D,spatial-relational
34,36,61,C R B,B R A,D R C,A L D,1,0,4,2,True,True,0,2178,5211,7646,9950,10690,Right;C;B/Right;B;A/Right;D;C,verify,Left;A;D,spatial-relational
34,37,161,A L B,B L C,C L D,A R B,0,0,1,1,False,True,0,1705,3457,5417,9720,10279,Left;A;B/Left;B;C/Left;C;D,verify,Right;A;B,spatial-relational
34,38,65,A L B,B L C,C L D,D R A,1,0,1,1,True,True,0,1913,3506,5236,10056,10810,Left;A;B/Left;B;C/Left;C;D,verify,Right;D;A,spatial-relational
34,39,20,B L C,C L D,A L B,A L D,1,0,1,2,True,True,0,1858,3408,8024,10857,11509,Left;B;C/Left;C;D/Left;A;B,verify,Left;A;D,spatial-relational
34,40,116,B L C,C L D,A L B,D L A,0,0,1,2,False,True,0,1460,2860,5712,8647,9254,Left;B;C/Left;C;D/Left;A;B,verify,Left;D;A,spatial-relational
34,41,109,C R B,B R A,D R C,D R A,1,0,4,2,True,True,0,1668,6463,9075,14584,15343,Right;C;B/Right;B;A/Right;D;C,verify,Right;D;A,spatial-relational
34,42,67,B L C,A L B,C L D,D R A,1,0,1,2,True,True,0,1835,5252,7607,13267,13920,Left;B;C/Left;A;B/Left;C;D,verify,Right;D;A,spatial-relational
34,43,208,D R C,C R B,B R A,A R B,0,0,4,1,False,True,0,1923,7367,10548,14522,15120,Right;D;C/Right;C;B/Right;B;A,verify,Right;A;B,spatial-relational
34,44,204,B R A,D R C,B R C,A R B,0,0,4,3,True,False,0,2213,3960,22940,28303,29245,Right;B;A/Right;D;C/Right;B;C,verify,Right;A;B,spatial-relational
34,45,117,C L D,A L B,B L C,D L A,0,0,1,3,False,True,0,1872,3727,8423,11246,11752,Left;C;D/Left;A;B/Left;B;C,verify,Left;D;A,spatial-relational
34,46,110,C R B,D R C,B R A,D R A,1,0,4,2,True,True,0,2451,6518,9436,13056,13568,Right;C;B/Right;D;C/Right;B;A,verify,Right;D;A,spatial-relational
34,47,108,B R A,D R C,B R C,D R A,1,0,4,3,False,False,0,1894,3633,11820,16207,17154,Right;B;A/Right;D;C/Right;B;C,verify,Right;D;A,spatial-relational
34,48,114,A L B,C L D,B L C,D L A,0,0,1,3,False,True,0,1816,4141,10875,13699,14403,Left;A;B/Left;C;D/Left;B;C,verify,Left;D;A,spatial-relational
